url,error
https://fampay.in/blog/pocket-money-for-teenagers-why-it-matters/,unsupported format string passed to NoneType.__format__
url,error
https://fampay.in/blog/pocket-money-for-teenagers-why-it-matters/,unsupported format string passed to NoneType.__format__
https://fampay.in/blog/what-are-the-perks-of-using-fampay/,'lighthouseResult' not found
https://twitter.com/intent/tweet?text=Quick%20Guide%20to%20be%20a%20Teenfluencer%20%F0%9F%91%B8%F0%9F%A4%B4&url=https://fampay.in/blog/want-to-become-a-teenage-influencer-start-here/,'lighthouseResult' not found
https://twitter.com/intent/tweet?text=From%20a%20self-taught%20programmer%20since%20age%209%20to%20becoming%20a%20CEO%20at%2015&url=https://fampay.in/blog/from-a-self-taught-programmer-since-age-9-to-becoming-a-ceo-at-15/,'lighthouseResult' not found
https://twitter.com/intent/tweet?text=Perks%20of%20using%20the%20FamCard%20Me%20-%204X%20Rewards%2C%20Doodles%20and%20so%20much%20more!%20%F0%9F%92%96&url=https://fampay.in/blog/perks-of-using-the-famcard-me/,'lighthouseResult' not found
https://fampay.in/blog/how-to-clean-up-your-android-apps-dependencies-the-ultimate-guide-2/,unsupported format string passed to NoneType.__format__
url,error
https://fampay.in/blog/pocket-money-for-teenagers-why-it-matters/,unsupported format string passed to NoneType.__format__
https://fampay.in/blog/what-are-the-perks-of-using-fampay/,'lighthouseResult' not found
https://twitter.com/intent/tweet?text=Quick%20Guide%20to%20be%20a%20Teenfluencer%20%F0%9F%91%B8%F0%9F%A4%B4&url=https://fampay.in/blog/want-to-become-a-teenage-influencer-start-here/,'lighthouseResult' not found
https://twitter.com/intent/tweet?text=From%20a%20self-taught%20programmer%20since%20age%209%20to%20becoming%20a%20CEO%20at%2015&url=https://fampay.in/blog/from-a-self-taught-programmer-since-age-9-to-becoming-a-ceo-at-15/,'lighthouseResult' not found
https://twitter.com/intent/tweet?text=Perks%20of%20using%20the%20FamCard%20Me%20-%204X%20Rewards%2C%20Doodles%20and%20so%20much%20more!%20%F0%9F%92%96&url=https://fampay.in/blog/perks-of-using-the-famcard-me/,'lighthouseResult' not found
https://fampay.in/blog/how-to-clean-up-your-android-apps-dependencies-the-ultimate-guide-2/,unsupported format string passed to NoneType.__format__
https://fampay.in/blog/genz-commits-to-fight-covid-19/,'lighthouseResult' not found
https://fampay.in/blog/teen-bucket-list-10-things-you-must-to-do-in-your-teens/,unsupported format string passed to NoneType.__format__
url,error
https://fampay.in/blog/pocket-money-for-teenagers-why-it-matters/,unsupported format string passed to NoneType.__format__
https://fampay.in/blog/what-are-the-perks-of-using-fampay/,'lighthouseResult' not found
https://twitter.com/intent/tweet?text=Quick%20Guide%20to%20be%20a%20Teenfluencer%20%F0%9F%91%B8%F0%9F%A4%B4&url=https://fampay.in/blog/want-to-become-a-teenage-influencer-start-here/,'lighthouseResult' not found
https://twitter.com/intent/tweet?text=From%20a%20self-taught%20programmer%20since%20age%209%20to%20becoming%20a%20CEO%20at%2015&url=https://fampay.in/blog/from-a-self-taught-programmer-since-age-9-to-becoming-a-ceo-at-15/,'lighthouseResult' not found
https://twitter.com/intent/tweet?text=Perks%20of%20using%20the%20FamCard%20Me%20-%204X%20Rewards%2C%20Doodles%20and%20so%20much%20more!%20%F0%9F%92%96&url=https://fampay.in/blog/perks-of-using-the-famcard-me/,'lighthouseResult' not found
https://fampay.in/blog/how-to-clean-up-your-android-apps-dependencies-the-ultimate-guide-2/,unsupported format string passed to NoneType.__format__
https://fampay.in/blog/genz-commits-to-fight-covid-19/,'lighthouseResult' not found
https://fampay.in/blog/teen-bucket-list-10-things-you-must-to-do-in-your-teens/,unsupported format string passed to NoneType.__format__
https://www.facebook.com/sharer/sharer.php?u=https://fampay.in/blog/famcard-your-first-prepaid-card/,'lighthouseResult' not found
https://www.facebook.com/sharer/sharer.php?u=https://fampay.in/blog/a-marketers-guide-to-moment-marketing/,'lighthouseResult' not found
https://www.facebook.com/sharer/sharer.php?u=https://fampay.in/blog/how-a-pressing-problem-can-lead-to-technological-innovation/,'lighthouseResult' not found
https://fampay.in/blog/this-fintech-startup-by-iit-roorkee-alum-is-giving-teenagers-financial-freedom-responsibly-yourstory/,'lighthouseResult' not found
https://www.facebook.com/sharer/sharer.php?u=https://fampay.in/blog/fampays-guide-to-digital-payments-for-teens-important-dos-and-donts/,'lighthouseResult' not found
https://www.facebook.com/sharer/sharer.php?u=https://fampay.in/blog/this-fintech-startup-by-iit-roorkee-alum-is-giving-teenagers-financial-freedom-responsibly-yourstory/,'lighthouseResult' not found
https://www.facebook.com/sharer/sharer.php?u=https://fampay.in/blog/why-vaccination-a-guide-to-vaccination-for-teens-in-india/,'lighthouseResult' not found
https://www.facebook.com/sharer/sharer.php?u=https://fampay.in/blog/one-stop-solution-for-all-your-kyc-concerns/,'lighthouseResult' not found
https://www.linkedin.com/company/fampay/,'lighthouseResult' not found
https://fampay.in/blog/13-boredom-busters-for-teens/,unsupported format string passed to NoneType.__format__
url,error
https://fampay.in/blog/pocket-money-for-teenagers-why-it-matters/,unsupported format string passed to NoneType.__format__
https://fampay.in/blog/what-are-the-perks-of-using-fampay/,'lighthouseResult' not found
https://twitter.com/intent/tweet?text=Quick%20Guide%20to%20be%20a%20Teenfluencer%20%F0%9F%91%B8%F0%9F%A4%B4&url=https://fampay.in/blog/want-to-become-a-teenage-influencer-start-here/,'lighthouseResult' not found
https://twitter.com/intent/tweet?text=From%20a%20self-taught%20programmer%20since%20age%209%20to%20becoming%20a%20CEO%20at%2015&url=https://fampay.in/blog/from-a-self-taught-programmer-since-age-9-to-becoming-a-ceo-at-15/,'lighthouseResult' not found
https://twitter.com/intent/tweet?text=Perks%20of%20using%20the%20FamCard%20Me%20-%204X%20Rewards%2C%20Doodles%20and%20so%20much%20more!%20%F0%9F%92%96&url=https://fampay.in/blog/perks-of-using-the-famcard-me/,'lighthouseResult' not found
https://fampay.in/blog/how-to-clean-up-your-android-apps-dependencies-the-ultimate-guide-2/,unsupported format string passed to NoneType.__format__
https://fampay.in/blog/genz-commits-to-fight-covid-19/,'lighthouseResult' not found
https://fampay.in/blog/teen-bucket-list-10-things-you-must-to-do-in-your-teens/,unsupported format string passed to NoneType.__format__
https://www.facebook.com/sharer/sharer.php?u=https://fampay.in/blog/famcard-your-first-prepaid-card/,'lighthouseResult' not found
https://www.facebook.com/sharer/sharer.php?u=https://fampay.in/blog/a-marketers-guide-to-moment-marketing/,'lighthouseResult' not found
https://www.facebook.com/sharer/sharer.php?u=https://fampay.in/blog/how-a-pressing-problem-can-lead-to-technological-innovation/,'lighthouseResult' not found
https://fampay.in/blog/this-fintech-startup-by-iit-roorkee-alum-is-giving-teenagers-financial-freedom-responsibly-yourstory/,'lighthouseResult' not found
https://www.facebook.com/sharer/sharer.php?u=https://fampay.in/blog/fampays-guide-to-digital-payments-for-teens-important-dos-and-donts/,'lighthouseResult' not found
https://www.facebook.com/sharer/sharer.php?u=https://fampay.in/blog/this-fintech-startup-by-iit-roorkee-alum-is-giving-teenagers-financial-freedom-responsibly-yourstory/,'lighthouseResult' not found
https://www.facebook.com/sharer/sharer.php?u=https://fampay.in/blog/why-vaccination-a-guide-to-vaccination-for-teens-in-india/,'lighthouseResult' not found
https://www.facebook.com/sharer/sharer.php?u=https://fampay.in/blog/one-stop-solution-for-all-your-kyc-concerns/,'lighthouseResult' not found
https://www.linkedin.com/company/fampay/,'lighthouseResult' not found
https://fampay.in/blog/13-boredom-busters-for-teens/,unsupported format string passed to NoneType.__format__
https://fampay.in/blog/every-little-thing-counts-ways-in-which-you-can-contribute-to-society-as-a-teenager/,unsupported format string passed to NoneType.__format__
url,error
https://fampay.in/blog/pocket-money-for-teenagers-why-it-matters/,unsupported format string passed to NoneType.__format__
https://fampay.in/blog/what-are-the-perks-of-using-fampay/,'lighthouseResult' not found
https://twitter.com/intent/tweet?text=Quick%20Guide%20to%20be%20a%20Teenfluencer%20%F0%9F%91%B8%F0%9F%A4%B4&url=https://fampay.in/blog/want-to-become-a-teenage-influencer-start-here/,'lighthouseResult' not found
https://twitter.com/intent/tweet?text=From%20a%20self-taught%20programmer%20since%20age%209%20to%20becoming%20a%20CEO%20at%2015&url=https://fampay.in/blog/from-a-self-taught-programmer-since-age-9-to-becoming-a-ceo-at-15/,'lighthouseResult' not found
https://twitter.com/intent/tweet?text=Perks%20of%20using%20the%20FamCard%20Me%20-%204X%20Rewards%2C%20Doodles%20and%20so%20much%20more!%20%F0%9F%92%96&url=https://fampay.in/blog/perks-of-using-the-famcard-me/,'lighthouseResult' not found
https://fampay.in/blog/how-to-clean-up-your-android-apps-dependencies-the-ultimate-guide-2/,unsupported format string passed to NoneType.__format__
https://fampay.in/blog/genz-commits-to-fight-covid-19/,'lighthouseResult' not found
https://fampay.in/blog/teen-bucket-list-10-things-you-must-to-do-in-your-teens/,unsupported format string passed to NoneType.__format__
https://www.facebook.com/sharer/sharer.php?u=https://fampay.in/blog/famcard-your-first-prepaid-card/,'lighthouseResult' not found
https://www.facebook.com/sharer/sharer.php?u=https://fampay.in/blog/a-marketers-guide-to-moment-marketing/,'lighthouseResult' not found
https://www.facebook.com/sharer/sharer.php?u=https://fampay.in/blog/how-a-pressing-problem-can-lead-to-technological-innovation/,'lighthouseResult' not found
https://fampay.in/blog/this-fintech-startup-by-iit-roorkee-alum-is-giving-teenagers-financial-freedom-responsibly-yourstory/,'lighthouseResult' not found
https://www.facebook.com/sharer/sharer.php?u=https://fampay.in/blog/fampays-guide-to-digital-payments-for-teens-important-dos-and-donts/,'lighthouseResult' not found
https://www.facebook.com/sharer/sharer.php?u=https://fampay.in/blog/this-fintech-startup-by-iit-roorkee-alum-is-giving-teenagers-financial-freedom-responsibly-yourstory/,'lighthouseResult' not found
https://www.facebook.com/sharer/sharer.php?u=https://fampay.in/blog/why-vaccination-a-guide-to-vaccination-for-teens-in-india/,'lighthouseResult' not found
https://www.facebook.com/sharer/sharer.php?u=https://fampay.in/blog/one-stop-solution-for-all-your-kyc-concerns/,'lighthouseResult' not found
https://www.linkedin.com/company/fampay/,'lighthouseResult' not found
https://fampay.in/blog/13-boredom-busters-for-teens/,unsupported format string passed to NoneType.__format__
https://fampay.in/blog/every-little-thing-counts-ways-in-which-you-can-contribute-to-society-as-a-teenager/,unsupported format string passed to NoneType.__format__
https://fampay.in/blog/3-financial-lessons-from-nature-itself/,'lighthouseResult' not found
https://fampay.in/blog/life-of-an-intern-is-love/,unsupported format string passed to NoneType.__format__
url,error
https://fampay.in/blog/pocket-money-for-teenagers-why-it-matters/,unsupported format string passed to NoneType.__format__
https://fampay.in/blog/what-are-the-perks-of-using-fampay/,'lighthouseResult' not found
https://twitter.com/intent/tweet?text=Quick%20Guide%20to%20be%20a%20Teenfluencer%20%F0%9F%91%B8%F0%9F%A4%B4&url=https://fampay.in/blog/want-to-become-a-teenage-influencer-start-here/,'lighthouseResult' not found
https://twitter.com/intent/tweet?text=From%20a%20self-taught%20programmer%20since%20age%209%20to%20becoming%20a%20CEO%20at%2015&url=https://fampay.in/blog/from-a-self-taught-programmer-since-age-9-to-becoming-a-ceo-at-15/,'lighthouseResult' not found
https://twitter.com/intent/tweet?text=Perks%20of%20using%20the%20FamCard%20Me%20-%204X%20Rewards%2C%20Doodles%20and%20so%20much%20more!%20%F0%9F%92%96&url=https://fampay.in/blog/perks-of-using-the-famcard-me/,'lighthouseResult' not found
https://fampay.in/blog/how-to-clean-up-your-android-apps-dependencies-the-ultimate-guide-2/,unsupported format string passed to NoneType.__format__
https://fampay.in/blog/genz-commits-to-fight-covid-19/,'lighthouseResult' not found
https://fampay.in/blog/teen-bucket-list-10-things-you-must-to-do-in-your-teens/,unsupported format string passed to NoneType.__format__
https://www.facebook.com/sharer/sharer.php?u=https://fampay.in/blog/famcard-your-first-prepaid-card/,'lighthouseResult' not found
https://www.facebook.com/sharer/sharer.php?u=https://fampay.in/blog/a-marketers-guide-to-moment-marketing/,'lighthouseResult' not found
https://www.facebook.com/sharer/sharer.php?u=https://fampay.in/blog/how-a-pressing-problem-can-lead-to-technological-innovation/,'lighthouseResult' not found
https://fampay.in/blog/this-fintech-startup-by-iit-roorkee-alum-is-giving-teenagers-financial-freedom-responsibly-yourstory/,'lighthouseResult' not found
https://www.facebook.com/sharer/sharer.php?u=https://fampay.in/blog/fampays-guide-to-digital-payments-for-teens-important-dos-and-donts/,'lighthouseResult' not found
https://www.facebook.com/sharer/sharer.php?u=https://fampay.in/blog/this-fintech-startup-by-iit-roorkee-alum-is-giving-teenagers-financial-freedom-responsibly-yourstory/,'lighthouseResult' not found
https://www.facebook.com/sharer/sharer.php?u=https://fampay.in/blog/why-vaccination-a-guide-to-vaccination-for-teens-in-india/,'lighthouseResult' not found
https://www.facebook.com/sharer/sharer.php?u=https://fampay.in/blog/one-stop-solution-for-all-your-kyc-concerns/,'lighthouseResult' not found
https://www.linkedin.com/company/fampay/,'lighthouseResult' not found
https://fampay.in/blog/13-boredom-busters-for-teens/,unsupported format string passed to NoneType.__format__
https://fampay.in/blog/every-little-thing-counts-ways-in-which-you-can-contribute-to-society-as-a-teenager/,unsupported format string passed to NoneType.__format__
https://fampay.in/blog/3-financial-lessons-from-nature-itself/,'lighthouseResult' not found
https://fampay.in/blog/life-of-an-intern-is-love/,unsupported format string passed to NoneType.__format__
https://www.facebook.com/sharer/sharer.php?u=https://fampay.in/blog/creating-protecting-our-future/,'lighthouseResult' not found
https://www.facebook.com/sharer/sharer.php?u=https://fampay.in/blog/teen-fashion-trends-that-we-love/,'lighthouseResult' not found
https://fampay.in/blog/5-habits-of-highly-successful-teens/,unsupported format string passed to NoneType.__format__
url,error
https://fampay.in/blog/pocket-money-for-teenagers-why-it-matters/,unsupported format string passed to NoneType.__format__
https://fampay.in/blog/what-are-the-perks-of-using-fampay/,'lighthouseResult' not found
https://twitter.com/intent/tweet?text=Quick%20Guide%20to%20be%20a%20Teenfluencer%20%F0%9F%91%B8%F0%9F%A4%B4&url=https://fampay.in/blog/want-to-become-a-teenage-influencer-start-here/,'lighthouseResult' not found
https://twitter.com/intent/tweet?text=From%20a%20self-taught%20programmer%20since%20age%209%20to%20becoming%20a%20CEO%20at%2015&url=https://fampay.in/blog/from-a-self-taught-programmer-since-age-9-to-becoming-a-ceo-at-15/,'lighthouseResult' not found
https://twitter.com/intent/tweet?text=Perks%20of%20using%20the%20FamCard%20Me%20-%204X%20Rewards%2C%20Doodles%20and%20so%20much%20more!%20%F0%9F%92%96&url=https://fampay.in/blog/perks-of-using-the-famcard-me/,'lighthouseResult' not found
https://fampay.in/blog/how-to-clean-up-your-android-apps-dependencies-the-ultimate-guide-2/,unsupported format string passed to NoneType.__format__
https://fampay.in/blog/genz-commits-to-fight-covid-19/,'lighthouseResult' not found
https://fampay.in/blog/teen-bucket-list-10-things-you-must-to-do-in-your-teens/,unsupported format string passed to NoneType.__format__
https://www.facebook.com/sharer/sharer.php?u=https://fampay.in/blog/famcard-your-first-prepaid-card/,'lighthouseResult' not found
https://www.facebook.com/sharer/sharer.php?u=https://fampay.in/blog/a-marketers-guide-to-moment-marketing/,'lighthouseResult' not found
https://www.facebook.com/sharer/sharer.php?u=https://fampay.in/blog/how-a-pressing-problem-can-lead-to-technological-innovation/,'lighthouseResult' not found
https://fampay.in/blog/this-fintech-startup-by-iit-roorkee-alum-is-giving-teenagers-financial-freedom-responsibly-yourstory/,'lighthouseResult' not found
https://www.facebook.com/sharer/sharer.php?u=https://fampay.in/blog/fampays-guide-to-digital-payments-for-teens-important-dos-and-donts/,'lighthouseResult' not found
https://www.facebook.com/sharer/sharer.php?u=https://fampay.in/blog/this-fintech-startup-by-iit-roorkee-alum-is-giving-teenagers-financial-freedom-responsibly-yourstory/,'lighthouseResult' not found
https://www.facebook.com/sharer/sharer.php?u=https://fampay.in/blog/why-vaccination-a-guide-to-vaccination-for-teens-in-india/,'lighthouseResult' not found
https://www.facebook.com/sharer/sharer.php?u=https://fampay.in/blog/one-stop-solution-for-all-your-kyc-concerns/,'lighthouseResult' not found
https://www.linkedin.com/company/fampay/,'lighthouseResult' not found
https://fampay.in/blog/13-boredom-busters-for-teens/,unsupported format string passed to NoneType.__format__
https://fampay.in/blog/every-little-thing-counts-ways-in-which-you-can-contribute-to-society-as-a-teenager/,unsupported format string passed to NoneType.__format__
https://fampay.in/blog/3-financial-lessons-from-nature-itself/,'lighthouseResult' not found
https://fampay.in/blog/life-of-an-intern-is-love/,unsupported format string passed to NoneType.__format__
https://www.facebook.com/sharer/sharer.php?u=https://fampay.in/blog/creating-protecting-our-future/,'lighthouseResult' not found
https://www.facebook.com/sharer/sharer.php?u=https://fampay.in/blog/teen-fashion-trends-that-we-love/,'lighthouseResult' not found
https://fampay.in/blog/5-habits-of-highly-successful-teens/,unsupported format string passed to NoneType.__format__
https://www.facebook.com/sharer/sharer.php?u=https://fampay.in/blog/zetas-fusion-to-power-fampays-cashless-payments-for-gen-z/,'lighthouseResult' not found
https://www.facebook.com/sharer/sharer.php?u=https://fampay.in/blog/writing-content-for-a-content-saturated-generation/,'lighthouseResult' not found
https://www.facebook.com/sharer/sharer.php?u=https://fampay.in/blog/config-variables-changing-system-behaviour-live-in-production/,'lighthouseResult' not found
https://www.facebook.com/sharer/sharer.php?u=https://fampay.in/blog/fampay-amongst-linkedins-top-startups-list-2021/,'lighthouseResult' not found
https://fampay.in/blog/implementing-an-in-memory-queue/,'lighthouseResult' not found
https://www.facebook.com/sharer/sharer.php?u=https://fampay.in/blog/covid-19-vaccination-as-a-teen-a-guide/,'lighthouseResult' not found
https://www.facebook.com/sharer/sharer.php?u=https://fampay.in/blog/pocket-money-for-teenagers-why-it-matters/,'lighthouseResult' not found
https://www.facebook.com/sharer/sharer.php?u=https://fampay.in/blog/fampay-partners-with-visa-to-launch-indias-first-doodle-card-for-genz/,'lighthouseResult' not found
https://fampay.in/blog/what-makes-fampay-secure/,unsupported format string passed to NoneType.__format__
url,error
https://fampay.in/blog/pocket-money-for-teenagers-why-it-matters/,unsupported format string passed to NoneType.__format__
https://fampay.in/blog/what-are-the-perks-of-using-fampay/,'lighthouseResult' not found
https://twitter.com/intent/tweet?text=Quick%20Guide%20to%20be%20a%20Teenfluencer%20%F0%9F%91%B8%F0%9F%A4%B4&url=https://fampay.in/blog/want-to-become-a-teenage-influencer-start-here/,'lighthouseResult' not found
https://twitter.com/intent/tweet?text=From%20a%20self-taught%20programmer%20since%20age%209%20to%20becoming%20a%20CEO%20at%2015&url=https://fampay.in/blog/from-a-self-taught-programmer-since-age-9-to-becoming-a-ceo-at-15/,'lighthouseResult' not found
https://twitter.com/intent/tweet?text=Perks%20of%20using%20the%20FamCard%20Me%20-%204X%20Rewards%2C%20Doodles%20and%20so%20much%20more!%20%F0%9F%92%96&url=https://fampay.in/blog/perks-of-using-the-famcard-me/,'lighthouseResult' not found
https://fampay.in/blog/how-to-clean-up-your-android-apps-dependencies-the-ultimate-guide-2/,unsupported format string passed to NoneType.__format__
https://fampay.in/blog/genz-commits-to-fight-covid-19/,'lighthouseResult' not found
https://fampay.in/blog/teen-bucket-list-10-things-you-must-to-do-in-your-teens/,unsupported format string passed to NoneType.__format__
https://www.facebook.com/sharer/sharer.php?u=https://fampay.in/blog/famcard-your-first-prepaid-card/,'lighthouseResult' not found
https://www.facebook.com/sharer/sharer.php?u=https://fampay.in/blog/a-marketers-guide-to-moment-marketing/,'lighthouseResult' not found
https://www.facebook.com/sharer/sharer.php?u=https://fampay.in/blog/how-a-pressing-problem-can-lead-to-technological-innovation/,'lighthouseResult' not found
https://fampay.in/blog/this-fintech-startup-by-iit-roorkee-alum-is-giving-teenagers-financial-freedom-responsibly-yourstory/,'lighthouseResult' not found
https://www.facebook.com/sharer/sharer.php?u=https://fampay.in/blog/fampays-guide-to-digital-payments-for-teens-important-dos-and-donts/,'lighthouseResult' not found
https://www.facebook.com/sharer/sharer.php?u=https://fampay.in/blog/this-fintech-startup-by-iit-roorkee-alum-is-giving-teenagers-financial-freedom-responsibly-yourstory/,'lighthouseResult' not found
https://www.facebook.com/sharer/sharer.php?u=https://fampay.in/blog/why-vaccination-a-guide-to-vaccination-for-teens-in-india/,'lighthouseResult' not found
https://www.facebook.com/sharer/sharer.php?u=https://fampay.in/blog/one-stop-solution-for-all-your-kyc-concerns/,'lighthouseResult' not found
https://www.linkedin.com/company/fampay/,'lighthouseResult' not found
https://fampay.in/blog/13-boredom-busters-for-teens/,unsupported format string passed to NoneType.__format__
https://fampay.in/blog/every-little-thing-counts-ways-in-which-you-can-contribute-to-society-as-a-teenager/,unsupported format string passed to NoneType.__format__
https://fampay.in/blog/3-financial-lessons-from-nature-itself/,'lighthouseResult' not found
https://fampay.in/blog/life-of-an-intern-is-love/,unsupported format string passed to NoneType.__format__
https://www.facebook.com/sharer/sharer.php?u=https://fampay.in/blog/creating-protecting-our-future/,'lighthouseResult' not found
https://www.facebook.com/sharer/sharer.php?u=https://fampay.in/blog/teen-fashion-trends-that-we-love/,'lighthouseResult' not found
https://fampay.in/blog/5-habits-of-highly-successful-teens/,unsupported format string passed to NoneType.__format__
https://www.facebook.com/sharer/sharer.php?u=https://fampay.in/blog/zetas-fusion-to-power-fampays-cashless-payments-for-gen-z/,'lighthouseResult' not found
https://www.facebook.com/sharer/sharer.php?u=https://fampay.in/blog/writing-content-for-a-content-saturated-generation/,'lighthouseResult' not found
https://www.facebook.com/sharer/sharer.php?u=https://fampay.in/blog/config-variables-changing-system-behaviour-live-in-production/,'lighthouseResult' not found
https://www.facebook.com/sharer/sharer.php?u=https://fampay.in/blog/fampay-amongst-linkedins-top-startups-list-2021/,'lighthouseResult' not found
https://fampay.in/blog/implementing-an-in-memory-queue/,'lighthouseResult' not found
https://www.facebook.com/sharer/sharer.php?u=https://fampay.in/blog/covid-19-vaccination-as-a-teen-a-guide/,'lighthouseResult' not found
https://www.facebook.com/sharer/sharer.php?u=https://fampay.in/blog/pocket-money-for-teenagers-why-it-matters/,'lighthouseResult' not found
https://www.facebook.com/sharer/sharer.php?u=https://fampay.in/blog/fampay-partners-with-visa-to-launch-indias-first-doodle-card-for-genz/,'lighthouseResult' not found
https://fampay.in/blog/what-makes-fampay-secure/,unsupported format string passed to NoneType.__format__
https://www.facebook.com/sharer/sharer.php?u=https://fampay.in/blog/discover-fampays-engagement-service-missions-3/,'lighthouseResult' not found
https://fampay.in/blog/being-a-digital-parent-tips-to-mentor-everything-digital-that-your-teen-uses/,unsupported format string passed to NoneType.__format__
