url,desktop_response_time,mobile_response_time,desktop_http_status,mobile_http_status,desktop_title,mobile_title,desktop_description,mobile_description,is_mobile_friendly,title_similarity,description_similarity,response_time_difference
https://fampay.in/blog/author/arohi/,0.2571251392364502,0.2854840755462646,200,200,Arohi Kaushal - UnRead by FamPay,Arohi Kaushal - UnRead by FamPay,,,True,1.0,0.0,0.028358936309814398
https://fampay.in/blog/tag/teens/page/2/,0.3296213150024414,0.3197958469390869,200,200,FamPay | Teens,FamPay | Teens,,,True,1.0,0.0,0.009825468063354492
https://fampay.in/blog/tag/parents/page/2/,0.2428696155548095,0.2701945304870605,200,200,FamPay | Parents,FamPay | Parents,,,True,1.0,0.0,0.027324914932251004
https://fampay.in/blog/author/garvita/,0.2629745006561279,0.2815399169921875,200,200,Garvita Gulhati - UnRead by FamPay,Garvita Gulhati - UnRead by FamPay,,,True,1.0,0.0,0.018565416336059626
https://fampay.in/blog/author/suhani/,0.272343635559082,0.2456822395324707,200,200,Suhani Malhotra - UnRead by FamPay,Suhani Malhotra - UnRead by FamPay,,,True,1.0,0.0,0.026661396026611273
https://fampay.in/blog/author/sameeran/,0.2751193046569824,0.2913517951965332,200,200,Sameeran Bandishti - UnRead by FamPay,Sameeran Bandishti - UnRead by FamPay,,,True,1.0,0.0,0.01623249053955078
https://fampay.in/blog/author/priyanka/,0.2628743648529053,0.2353386878967285,200,200,Priyanka Shiva - UnRead by FamPay,Priyanka Shiva - UnRead by FamPay,,,True,1.0,0.0,0.027535676956176786
https://fampay.in/blog/author/saipremtelkar/,0.2368907928466797,0.2593526840209961,200,200,Sai Prem Telkar - UnRead by FamPay,Sai Prem Telkar - UnRead by FamPay,,,True,1.0,0.0,0.022461891174316406
https://fampay.in/blog/tag/famsays/page/2/,0.317054271697998,0.2734277248382568,200,200,FamSays - UnRead by FamPay (Page 2),FamSays - UnRead by FamPay (Page 2),,,True,1.0,0.0,0.04362654685974121
https://fampay.in/blog/author/ayushi/,0.2516086101531982,0.25295090675354,200,200,AYUSHI MAHENDRA - UnRead by FamPay,AYUSHI MAHENDRA - UnRead by FamPay,,,True,1.0,0.0,0.0013422966003417969
https://fampay.in/blog/author/sajal/,0.2553229331970215,0.2438631057739257,200,200,Sajal - UnRead by FamPay,Sajal - UnRead by FamPay,,,True,1.0,0.0,0.011459827423095786
https://fampay.in/blog/author/aditi/,0.2339704036712646,0.2326970100402832,200,200,Aditi Chopra - UnRead by FamPay,Aditi Chopra - UnRead by FamPay,,,True,1.0,0.0,0.0012733936309813898
https://fampay.in/blog/author/kaavyya/,0.2551207542419433,0.2633676528930664,200,200,Kaavyya Kesarwani - UnRead by FamPay,Kaavyya Kesarwani - UnRead by FamPay,,,True,1.0,0.0,0.008246898651123102
https://fampay.in/blog/author/hrishikesh/,0.3037865161895752,0.2530207633972168,200,200,Hrishikesh Kogje - UnRead by FamPay,Hrishikesh Kogje - UnRead by FamPay,,,True,1.0,0.0,0.0507657527923584
https://fampay.in/blog/author/diya/,0.2557847499847412,0.2661776542663574,200,200,Diya Kaveramma - UnRead by FamPay,Diya Kaveramma - UnRead by FamPay,,,True,1.0,0.0,0.010392904281616211
https://fampay.in/blog/author/tanya/,0.2898702621459961,0.2644784450531006,200,200,Tanya - UnRead by FamPay,Tanya - UnRead by FamPay,,,True,1.0,0.0,0.025391817092895508
https://fampay.in/blog/author/charvi/,0.2313928604125976,0.2566416263580322,200,200,Charvi - UnRead by FamPay,Charvi - UnRead by FamPay,,,True,1.0,0.0,0.025248765945434626
https://fampay.in/blog/tag/growth/page/2/,0.3575344085693359,0.2457523345947265,200,200,Growth - UnRead by FamPay (Page 2),Growth - UnRead by FamPay (Page 2),,,True,1.0,0.0,0.11178207397460938
https://fampay.in/blog/tag/lifestyle/page/2/,0.2931118011474609,0.3103396892547607,200,200,Lifestyle - UnRead by FamPay (Page 2),Lifestyle - UnRead by FamPay (Page 2),,,True,1.0,0.0,0.017227888107299805
https://fampay.in/blog/author/ritwick/,0.2724702358245849,0.2706680297851562,200,200,Ritwick Bhaduri - UnRead by FamPay,Ritwick Bhaduri - UnRead by FamPay,,,True,1.0,0.0,0.001802206039428711
https://fampay.in/blog/author/shifa/,0.2466640472412109,0.2611467838287353,200,200,Shifa Kareem - UnRead by FamPay,Shifa Kareem - UnRead by FamPay,,,True,1.0,0.0,0.014482736587524386
https://fampay.in/blog/author/tiara/,0.2862260341644287,0.2418322563171386,200,200,Tiara D'Souza - UnRead by FamPay,Tiara D'Souza - UnRead by FamPay,,,True,1.0,0.0,0.04439377784729012
https://fampay.in/blog/tag/product/page/2/,0.2500200271606445,0.3124158382415771,200,200,Product - UnRead by FamPay (Page 2),Product - UnRead by FamPay (Page 2),,,True,1.0,0.0,0.06239581108093262
https://fampay.in/blog/author/shiv/,0.2599830627441406,0.2482261657714843,200,200,Shiv Kampani - UnRead by FamPay,Shiv Kampani - UnRead by FamPay,,,True,1.0,0.0,0.011756896972656333
https://fampay.in/blog/author/aadithyan/,0.2414596080780029,0.2821476459503174,200,200,Aadithyan Rajesh - UnRead by FamPay,Aadithyan Rajesh - UnRead by FamPay,,,True,1.0,0.0,0.04068803787231448
https://fampay.in/blog/how-to-clean-up-your-android-apps-dependencies-the-ultimate-guide-2/,0.2980737686157226,0.3154513835906982,200,200,How to Clean Up Your Android App's Dependencies: The Ultimate Guide,How to Clean Up Your Android App's Dependencies: The Ultimate Guide,,,True,1.0,0.0,0.017377614974975586
https://www.facebook.com/sharer/sharer.php?u=https://fampay.in/blog/how-to-clean-up-your-android-apps-dependencies-the-ultimate-guide-2/,0.431044340133667,1.033060073852539,200,200,Facebook,Facebook में लॉग इन करें | Facebook,,"अपने दोस्तों, परिवार और परिचित लोगों से शेयर करना और कनेक्ट करना शुरू करने के लिए Facebook में लॉग इन करें.",False,0.22857142857142856,0.0,0.6020157337188721
https://twitter.com/intent/tweet?text=How%20to%20Clean%20Up%20Your%20Android%20App's%20Dependencies%3A%20The%20Ultimate%20Guide&url=https://fampay.in/blog/how-to-clean-up-your-android-apps-dependencies-the-ultimate-guide-2/,1.063523292541504,1.1974120140075684,200,200,,,,,True,0.0,0.0,0.13388872146606445
https://facebook.com/fampay.in/,0.6645181179046631,0.7088384628295898,200,200,Facebook,सामग्री नहीं मिली,,,False,0.0,0.0,0.04432034492492676
https://fampay.in/blog/author/fampay/,0.3572030067443847,0.3594889640808105,200,200,FamPay Team - UnRead by FamPay,FamPay Team - UnRead by FamPay,,,True,1.0,0.0,0.0022859573364257812
https://fampay.in/blog/author/fampay/page/2/,0.2913515567779541,0.2907338142395019,200,200,FamPay Team - UnRead by FamPay (Page 2),FamPay Team - UnRead by FamPay (Page 2),,,True,1.0,0.0,0.000617742538452204
https://fampay.in/blog/discover-fampays-engagement-service-missions-3/,0.3703315258026123,0.2782080173492431,200,200,Discover FamPay's Engagement Service: Missions,Discover FamPay's Engagement Service: Missions,,,True,1.0,0.0,0.0921235084533692
https://www.facebook.com/sharer/sharer.php?u=https://fampay.in/blog/discover-fampays-engagement-service-missions-3/,0.3386781215667724,1.0861830711364746,200,200,Facebook,Facebook में लॉग इन करें | Facebook,,"अपने दोस्तों, परिवार और परिचित लोगों से शेयर करना और कनेक्ट करना शुरू करने के लिए Facebook में लॉग इन करें.",False,0.22857142857142856,0.0,0.7475049495697021
https://twitter.com/intent/tweet?text=Discover%20FamPay's%20Engagement%20Service%3A%20Missions&url=https://fampay.in/blog/discover-fampays-engagement-service-missions-3/,1.009598970413208,1.2150559425354004,200,200,,,,,True,0.0,0.0,0.20545697212219238
https://www.facebook.com/sharer/sharer.php?u=https://fampay.in/blog/implementing-an-in-memory-queue/,0.3336937427520752,1.032703161239624,200,200,Facebook,Facebook में लॉग इन करें | Facebook,,"अपने दोस्तों, परिवार और परिचित लोगों से शेयर करना और कनेक्ट करना शुरू करने के लिए Facebook में लॉग इन करें.",False,0.22857142857142856,0.0,0.6990094184875488
https://twitter.com/intent/tweet?text=Implementing%20an%20In-memory%20Queue%20%F0%9F%A7%91%E2%80%8D%F0%9F%92%BB&url=https://fampay.in/blog/implementing-an-in-memory-queue/,1.0575387477874756,1.1889426708221436,200,200,,,,,True,0.0,0.0,0.13140392303466797
https://www.facebook.com/sharer/sharer.php?u=https://fampay.in/blog/covid-19-vaccination-as-a-teen-a-guide/,0.5826544761657715,0.993295431137085,200,200,Facebook,Facebook में लॉग इन करें | Facebook,,"अपने दोस्तों, परिवार और परिचित लोगों से शेयर करना और कनेक्ट करना शुरू करने के लिए Facebook में लॉग इन करें.",False,0.22857142857142856,0.0,0.4106409549713135
https://twitter.com/intent/tweet?text=Covid-19%20Vaccination%20for%20teens%2C%20a%20step-by-step%20guide%F0%9F%92%89&url=https://fampay.in/blog/covid-19-vaccination-as-a-teen-a-guide/,1.1973111629486084,1.2217819690704346,200,200,,,,,True,0.0,0.0,0.024470806121826172
https://www.facebook.com/sharer/sharer.php?u=https://fampay.in/blog/why-vaccination-a-guide-to-vaccination-for-teens-in-india/,0.3423590660095215,1.035468339920044,200,200,Facebook,Facebook में लॉग इन करें | Facebook,,"अपने दोस्तों, परिवार और परिचित लोगों से शेयर करना और कनेक्ट करना शुरू करने के लिए Facebook में लॉग इन करें.",False,0.22857142857142856,0.0,0.6931092739105225
https://twitter.com/intent/tweet?text=Why%20Vaccination%3F%F0%9F%92%89%20-%20A%20guide%20to%20vaccination%20for%20teens%20in%20India&url=https://fampay.in/blog/why-vaccination-a-guide-to-vaccination-for-teens-in-india/,1.228999137878418,1.1771836280822754,200,200,,,,,True,0.0,0.0,0.05181550979614258
https://www.facebook.com/sharer/sharer.php?u=https://fampay.in/blog/study-habits-that-are-simple-and-highly-effective/,0.3195819854736328,0.9753057956695556,200,200,Facebook,Facebook में लॉग इन करें | Facebook,,"अपने दोस्तों, परिवार और परिचित लोगों से शेयर करना और कनेक्ट करना शुरू करने के लिए Facebook में लॉग इन करें.",False,0.22857142857142856,0.0,0.6557238101959227
https://twitter.com/intent/tweet?text=Study%20habits%20that%20are%20simple%20and%20highly%20effective%20%F0%9F%93%9A&url=https://fampay.in/blog/study-habits-that-are-simple-and-highly-effective/,1.0668320655822754,1.0363059043884275,200,200,,,,,True,0.0,0.0,0.03052616119384788
https://www.facebook.com/sharer/sharer.php?u=https://fampay.in/blog/how-to-save-those-extra-bucks-while-shopping/,0.4715259075164795,0.9508936405181884,200,200,Facebook,Facebook में लॉग इन करें | Facebook,,"अपने दोस्तों, परिवार और परिचित लोगों से शेयर करना और कनेक्ट करना शुरू करने के लिए Facebook में लॉग इन करें.",False,0.22857142857142856,0.0,0.4793677330017089
https://twitter.com/intent/tweet?text=How%20to%20save%20those%20extra%20bucks%20while%20shopping%20%F0%9F%8F%AC&url=https://fampay.in/blog/how-to-save-those-extra-bucks-while-shopping/,1.1551837921142578,1.2117478847503662,200,200,,,,,True,0.0,0.0,0.0565640926361084
https://www.facebook.com/sharer/sharer.php?u=https://fampay.in/blog/teen-fashion-trends-that-we-love/,0.5887017250061035,1.0749835968017578,200,200,Facebook,Facebook में लॉग इन करें | Facebook,,"अपने दोस्तों, परिवार और परिचित लोगों से शेयर करना और कनेक्ट करना शुरू करने के लिए Facebook में लॉग इन करें.",False,0.22857142857142856,0.0,0.4862818717956543
https://twitter.com/intent/tweet?text=Teen%20fashion%20trends%20that%20you%20really%20don't%20want%20to%20miss%F0%9F%91%95%F0%9F%98%8D&url=https://fampay.in/blog/teen-fashion-trends-that-we-love/,1.0264415740966797,1.0780317783355713,200,200,,,,,True,0.0,0.0,0.0515902042388916
https://www.facebook.com/sharer/sharer.php?u=https://fampay.in/blog/how-to-build-your-resume-and-portfolio-right-from-school/,0.6902816295623779,1.154449224472046,200,200,Facebook,Facebook में लॉग इन करें | Facebook,,"अपने दोस्तों, परिवार और परिचित लोगों से शेयर करना और कनेक्ट करना शुरू करने के लिए Facebook में लॉग इन करें.",False,0.22857142857142856,0.0,0.46416759490966797
https://twitter.com/intent/tweet?text=How%20to%20build%20your%20resume%20right%20from%20school%20%F0%9F%9A%80&url=https://fampay.in/blog/how-to-build-your-resume-and-portfolio-right-from-school/,1.0497426986694336,1.0369455814361572,200,200,,,,,True,0.0,0.0,0.012797117233276367
https://www.facebook.com/sharer/sharer.php?u=https://fampay.in/blog/productivity-hacks-for-teens-this-will-change-your-life/,0.4180531501770019,0.9542198181152344,200,200,Facebook,Facebook में लॉग इन करें | Facebook,,"अपने दोस्तों, परिवार और परिचित लोगों से शेयर करना और कनेक्ट करना शुरू करने के लिए Facebook में लॉग इन करें.",False,0.22857142857142856,0.0,0.5361666679382324
https://twitter.com/intent/tweet?text=Productivity%20hacks%20for%20teens%20-%20Easy%20habits%20to%20upgrade%20your%20life%F0%9F%8E%AF&url=https://fampay.in/blog/productivity-hacks-for-teens-this-will-change-your-life/,1.1467885971069336,1.234886646270752,200,200,,,,,True,0.0,0.0,0.08809804916381836
https://fampay.in/blog/page/2/,0.4328203201293945,0.5116467475891113,200,200,UnRead by FamPay (Page 2),UnRead by FamPay (Page 2),,,True,1.0,0.0,0.07882642745971685
https://fampay.in/blog/page/3/,0.3291537761688232,0.3383510112762451,200,200,UnRead by FamPay (Page 3),UnRead by FamPay (Page 3),,,True,1.0,0.0,0.00919723510742193
https://www.instagram.com/fampay.in/,0.7159960269927979,1.1475372314453125,200,200,Instagram, (@fampay.in) on Instagram,,"5 Followers, 0 Posts - Discover Instagram photos and videos from  (@fampay.in)",True,0.34615384615384615,0.0,0.43154120445251465
https://www.linkedin.com/company/fampay/,0.7313330173492432,0.5859053134918213,999,999,,,,,False,0.0,0.0,0.14542770385742188
https://www.instagram.com/lifeatfam/,0.7513730525970459,1.2050321102142334,200,200,Instagram,Life at Fam (@lifeatfam) | Instagram,,"784 Followers, 124 Posts - Culture | Startup | Life @fam.india",True,0.25,0.0,0.4536590576171875
https://www.instagram.com/designatfampay/,0.9242753982543944,0.9484803676605223,200,200,Instagram,Instagram,,,True,1.0,0.0,0.02420496940612793
https://www.facebook.com/sharer/sharer.php?u=https://fampay.in/blog/13-boredom-busters-for-teens/,0.60843825340271,0.997868537902832,200,200,Facebook,Facebook में लॉग इन करें | Facebook,,"अपने दोस्तों, परिवार और परिचित लोगों से शेयर करना और कनेक्ट करना शुरू करने के लिए Facebook में लॉग इन करें.",False,0.22857142857142856,0.0,0.38943028450012207
https://twitter.com/intent/tweet?text=13%20Things%20to%20do%20when%20you're%20bored%20-%20Boredom%20busters%20for%20teens%20%F0%9F%A4%B3&url=https://fampay.in/blog/13-boredom-busters-for-teens/,1.2694942951202393,1.0768373012542725,200,200,,,,,True,0.0,0.0,0.1926569938659668
https://www.facebook.com/sharer/sharer.php?u=https://fampay.in/blog/social-commerce-making-money-just-through-social-media/,0.5898013114929199,0.9992899894714355,200,200,Facebook,Facebook में लॉग इन करें | Facebook,,"अपने दोस्तों, परिवार और परिचित लोगों से शेयर करना और कनेक्ट करना शुरू करने के लिए Facebook में लॉग इन करें.",False,0.22857142857142856,0.0,0.4094886779785156
https://twitter.com/intent/tweet?text=Social%20Commerce%20-%20Making%20Money%20just%20through%20Social%20Media!%20%F0%9F%92%B8&url=https://fampay.in/blog/social-commerce-making-money-just-through-social-media/,1.191119909286499,1.061683177947998,200,200,,,,,True,0.0,0.0,0.12943673133850098
https://www.facebook.com/sharer/sharer.php?u=https://fampay.in/blog/how-can-teens-open-shops-on-instagram/,0.4681396484375,1.2014784812927246,200,200,Facebook,Facebook में लॉग इन करें | Facebook,,"अपने दोस्तों, परिवार और परिचित लोगों से शेयर करना और कनेक्ट करना शुरू करने के लिए Facebook में लॉग इन करें.",False,0.22857142857142856,0.0,0.7333388328552246
https://twitter.com/intent/tweet?text=It's%20time%20for%20teens%20to%20open%20shop%20on%20Instagram!%20%F0%9F%9B%8D%EF%B8%8F&url=https://fampay.in/blog/how-can-teens-open-shops-on-instagram/,1.0307180881500244,1.06722092628479,200,200,,,,,True,0.0,0.0,0.036502838134765625
https://www.facebook.com/sharer/sharer.php?u=https://fampay.in/blog/genz-commits-to-fight-covid-19/,0.5812644958496094,0.9265286922454834,200,200,Facebook,Facebook में लॉग इन करें | Facebook,,"अपने दोस्तों, परिवार और परिचित लोगों से शेयर करना और कनेक्ट करना शुरू करने के लिए Facebook में लॉग इन करें.",False,0.22857142857142856,0.0,0.345264196395874
https://twitter.com/intent/tweet?text=GenZs%20commit%20to%20fight%20Covid-19%20%F0%9F%8E%AF&url=https://fampay.in/blog/genz-commits-to-fight-covid-19/,1.1828653812408447,1.2597169876098633,200,200,,,,,True,0.0,0.0,0.07685160636901855
https://www.facebook.com/sharer/sharer.php?u=https://fampay.in/blog/life-of-an-intern-is-love/,0.594174861907959,0.955801010131836,200,200,Facebook,Facebook में लॉग इन करें | Facebook,,"अपने दोस्तों, परिवार और परिचित लोगों से शेयर करना और कनेक्ट करना शुरू करने के लिए Facebook में लॉग इन करें.",False,0.22857142857142856,0.0,0.36162614822387706
https://twitter.com/intent/tweet?text=Life%20of%20an%20Intern%20is%20Love%20%F0%9F%98%8D&url=https://fampay.in/blog/life-of-an-intern-is-love/,1.0607337951660156,1.081753492355347,200,200,,,,,True,0.0,0.0,0.021019697189331277
https://www.facebook.com/sharer/sharer.php?u=https://fampay.in/blog/12-queer-led-small-businesses-you-need-to-support-this-pride-month/,0.3110089302062988,0.9775254726409912,200,200,Facebook,Facebook में लॉग इन करें | Facebook,,"अपने दोस्तों, परिवार और परिचित लोगों से शेयर करना और कनेक्ट करना शुरू करने के लिए Facebook में लॉग इन करें.",False,0.22857142857142856,0.0,0.6665165424346924
https://twitter.com/intent/tweet?text=12%20Queer-led%20Small%20Businesses%20You%20Need%20To%20Support%20This%20Pride%20Month%F0%9F%8C%88&url=https://fampay.in/blog/12-queer-led-small-businesses-you-need-to-support-this-pride-month/,1.0547871589660645,1.2350621223449707,200,200,,,,,True,0.0,0.0,0.18027496337890625
https://www.facebook.com/sharer/sharer.php?u=https://fampay.in/blog/famstars-we-stress-less-and-accomplish-more/,0.3744635581970215,0.9187242984771729,200,200,Facebook,Facebook में लॉग इन करें | Facebook,,"अपने दोस्तों, परिवार और परिचित लोगों से शेयर करना और कनेक्ट करना शुरू करने के लिए Facebook में लॉग इन करें.",False,0.22857142857142856,0.0,0.5442607402801514
https://twitter.com/intent/tweet?text=We%20stress%20less%20and%20accomplish%20more%3A%20A%20guide%20on%20how%20we%20get%20things%20done%20at%20FamPay!%20%F0%9F%99%8C&url=https://fampay.in/blog/famstars-we-stress-less-and-accomplish-more/,1.202465534210205,1.29362154006958,200,200,,,,,True,0.0,0.0,0.091156005859375
https://www.facebook.com/sharer/sharer.php?u=https://fampay.in/blog/3-financial-lessons-from-nature-itself/,0.351015567779541,0.9405460357666016,200,200,Facebook,Facebook में लॉग इन करें | Facebook,,"अपने दोस्तों, परिवार और परिचित लोगों से शेयर करना और कनेक्ट करना शुरू करने के लिए Facebook में लॉग इन करें.",False,0.22857142857142856,0.0,0.5895304679870605
https://twitter.com/intent/tweet?text=3%20Financial%20Lessons%20from%20Nature%3A%20An%20Earth%20Day%20special%20%F0%9F%8C%8D&url=https://fampay.in/blog/3-financial-lessons-from-nature-itself/,1.2083704471588137,1.173335313796997,200,200,,,,,True,0.0,0.0,0.03503513336181663
https://www.facebook.com/sharer/sharer.php?u=https://fampay.in/blog/living-life-genz-style/,0.6049103736877441,1.5092880725860596,200,200,Facebook,Facebook में लॉग इन करें | Facebook,,"अपने दोस्तों, परिवार और परिचित लोगों से शेयर करना और कनेक्ट करना शुरू करने के लिए Facebook में लॉग इन करें.",False,0.22857142857142856,0.0,0.9043776988983154
https://twitter.com/intent/tweet?text=Living%20Life%2C%20GenZ%20Style%20%F0%9F%98%8E&url=https://fampay.in/blog/living-life-genz-style/,1.1796834468841553,1.206756591796875,200,200,,,,,True,0.0,0.0,0.027073144912719727
https://www.facebook.com/sharer/sharer.php?u=https://fampay.in/blog/remote-working-divided-by-distance-united-by-mission/,1.0546107292175293,1.266711950302124,200,200,Facebook,Facebook में लॉग इन करें | Facebook,,"अपने दोस्तों, परिवार और परिचित लोगों से शेयर करना और कनेक्ट करना शुरू करने के लिए Facebook में लॉग इन करें.",False,0.22857142857142856,0.0,0.21210122108459473
https://twitter.com/intent/tweet?text=Remote%20Working%20%3A%20Divided%20by%20Distance%2C%20United%20by%20Mission&url=https://fampay.in/blog/remote-working-divided-by-distance-united-by-mission/,1.0555040836334229,1.215001106262207,200,200,,,,,True,0.0,0.0,0.15949702262878418
https://www.facebook.com/sharer/sharer.php?u=https://fampay.in/blog/a-practical-guide-to-app-store-optimization/,0.8444569110870361,0.9068934917449952,200,200,Facebook,Facebook में लॉग इन करें | Facebook,,"अपने दोस्तों, परिवार और परिचित लोगों से शेयर करना और कनेक्ट करना शुरू करने के लिए Facebook में लॉग इन करें.",False,0.22857142857142856,0.0,0.062436580657959095
https://twitter.com/intent/tweet?text=A%20practical%20guide%20to%20App%20Store%20Optimization%20(ASO)%20%F0%9F%93%B1&url=https://fampay.in/blog/a-practical-guide-to-app-store-optimization/,1.0393285751342771,1.0409438610076904,200,200,,,,,True,0.0,0.0,0.001615285873413308
https://www.facebook.com/sharer/sharer.php?u=https://fampay.in/blog/365-days-of-internship-at-fampay/,0.7973184585571289,1.4313485622406006,200,200,Facebook,Facebook में लॉग इन करें | Facebook,,"अपने दोस्तों, परिवार और परिचित लोगों से शेयर करना और कनेक्ट करना शुरू करने के लिए Facebook में लॉग इन करें.",False,0.22857142857142856,0.0,0.6340301036834717
https://twitter.com/intent/tweet?text=My%20365%20Days%20of%20Internship%20at%20FamPay%20%F0%9F%9A%80&url=https://fampay.in/blog/365-days-of-internship-at-fampay/,1.0085813999176023,1.0540030002593994,200,200,,,,,True,0.0,0.0,0.0454216003417971
https://www.facebook.com/sharer/sharer.php?u=https://fampay.in/blog/how-instagram-reel-can-really-grow-your-brand/,0.351468563079834,0.976898431777954,200,200,Facebook,Facebook में लॉग इन करें | Facebook,,"अपने दोस्तों, परिवार और परिचित लोगों से शेयर करना और कनेक्ट करना शुरू करने के लिए Facebook में लॉग इन करें.",False,0.22857142857142856,0.0,0.62542986869812
https://twitter.com/intent/tweet?text=How%20Instagram%20Reel%20can%20really%20grow%20your%20brand%20%F0%9F%A4%B3&url=https://fampay.in/blog/how-instagram-reel-can-really-grow-your-brand/,1.036384105682373,1.1730892658233645,200,200,,,,,True,0.0,0.0,0.13670516014099143
https://www.facebook.com/sharer/sharer.php?u=https://fampay.in/blog/config-variables-changing-system-behaviour-live-in-production/,0.6345434188842773,0.9138219356536864,200,200,Facebook,Facebook में लॉग इन करें | Facebook,,"अपने दोस्तों, परिवार और परिचित लोगों से शेयर करना और कनेक्ट करना शुरू करने के लिए Facebook में लॉग इन करें.",False,0.22857142857142856,0.0,0.27927851676940907
https://twitter.com/intent/tweet?text=Config%20Variables%3A%20Changing%20System%20Behaviour%20Live%20In%20Production%20%F0%9F%91%A8%E2%80%8D%F0%9F%92%BB&url=https://fampay.in/blog/config-variables-changing-system-behaviour-live-in-production/,1.34303617477417,1.14570951461792,200,200,,,,,True,0.0,0.0,0.19732666015625
https://www.facebook.com/sharer/sharer.php?u=https://fampay.in/blog/a-marketers-guide-to-moment-marketing/,0.3671853542327881,0.9424123764038086,200,200,Facebook,Facebook में लॉग इन करें | Facebook,,"अपने दोस्तों, परिवार और परिचित लोगों से शेयर करना और कनेक्ट करना शुरू करने के लिए Facebook में लॉग इन करें.",False,0.22857142857142856,0.0,0.5752270221710205
https://twitter.com/intent/tweet?text=A%20marketers%20guide%20to%20moment%20marketing%20%E2%8F%B0&url=https://fampay.in/blog/a-marketers-guide-to-moment-marketing/,1.0192527770996094,1.007110595703125,200,200,,,,,True,0.0,0.0,0.012142181396484375
https://www.linkedin.com/company/fampay/mycompany/,0.5273993015289307,0.5099852085113525,999,999,,,,,False,0.0,0.0,0.017414093017578125
https://www.facebook.com/sharer/sharer.php?u=https://fampay.in/blog/the-story-behind-fampays-tech-stack/,0.3769147396087646,0.9427554607391356,200,200,Facebook,Facebook में लॉग इन करें | Facebook,,"अपने दोस्तों, परिवार और परिचित लोगों से शेयर करना और कनेक्ट करना शुरू करने के लिए Facebook में लॉग इन करें.",False,0.22857142857142856,0.0,0.5658407211303711
https://twitter.com/intent/tweet?text=The%20Story%20Behind%20FamPay's%20Tech%20Stack%F0%9F%9A%80&url=https://fampay.in/blog/the-story-behind-fampays-tech-stack/,1.1857953071594238,1.0584716796875,200,200,,,,,True,0.0,0.0,0.12732362747192383
https://famapp.in/blog/tag/famsays/page/2/,0.2479827404022216,0.1912069320678711,200,200,FamSays - UnRead by FamPay (Page 2),FamSays - UnRead by FamPay (Page 2),,,True,1.0,0.0,0.0567758083343505
https://www.facebook.com/sharer/sharer.php?u=https://fampay.in/blog/getting-your-generations-right-millennials-v-s-genz/,0.5323469638824463,1.079773187637329,200,200,Facebook,Facebook में लॉग इन करें | Facebook,,"अपने दोस्तों, परिवार और परिचित लोगों से शेयर करना और कनेक्ट करना शुरू करने के लिए Facebook में लॉग इन करें.",False,0.22857142857142856,0.0,0.5474262237548828
https://twitter.com/intent/tweet?text=Getting%20your%20Generations%20Right%2C%20Millennials%20V%2FS%20GenZ!%20%F0%9F%A4%BC%E2%80%8D%E2%99%82%EF%B8%8F&url=https://fampay.in/blog/getting-your-generations-right-millennials-v-s-genz/,1.1027729511260986,1.2669517993927002,200,200,,,,,True,0.0,0.0,0.16417884826660156
https://www.facebook.com/sharer/sharer.php?u=https://fampay.in/blog/when-building-for-genzs-build-it-on-discord/,0.460864782333374,0.9183290004730223,200,200,Facebook,Facebook में लॉग इन करें | Facebook,,"अपने दोस्तों, परिवार और परिचित लोगों से शेयर करना और कनेक्ट करना शुरू करने के लिए Facebook में लॉग इन करें.",False,0.22857142857142856,0.0,0.4574642181396483
https://twitter.com/intent/tweet?text=When%20building%20for%20GenZs%2C%20build%20it%20on%20Discord%20%F0%9F%91%BE&url=https://fampay.in/blog/when-building-for-genzs-build-it-on-discord/,1.0689032077789309,1.0332694053649902,200,200,,,,,True,0.0,0.0,0.03563380241394065
https://www.facebook.com/sharer/sharer.php?u=https://fampay.in/blog/club-teens-one-stop-online-community/,0.6762335300445557,0.9729602336883544,200,200,Facebook,Facebook में लॉग इन करें | Facebook,,"अपने दोस्तों, परिवार और परिचित लोगों से शेयर करना और कनेक्ट करना शुरू करने के लिए Facebook में लॉग इन करें.",False,0.22857142857142856,0.0,0.2967267036437987
https://twitter.com/intent/tweet?text=Club%3A%20FamPay's%20in-app%20exclusive%20community!%20%F0%9F%A4%A9&url=https://fampay.in/blog/club-teens-one-stop-online-community/,1.011470079421997,1.0280938148498535,200,200,,,,,True,0.0,0.0,0.016623735427856445
https://www.facebook.com/sharer/sharer.php?u=https://fampay.in/blog/effectively-harnessing-motion-design-for-genzs/,0.5470449924468994,1.177652359008789,200,200,Facebook,Facebook में लॉग इन करें | Facebook,,"अपने दोस्तों, परिवार और परिचित लोगों से शेयर करना और कनेक्ट करना शुरू करने के लिए Facebook में लॉग इन करें.",False,0.22857142857142856,0.0,0.6306073665618896
https://twitter.com/intent/tweet?text=Effectively%20harnessing%20Motion%20Design%20for%20GenZs&url=https://fampay.in/blog/effectively-harnessing-motion-design-for-genzs/,1.067957639694214,1.2343504428863523,200,200,,,,,True,0.0,0.0,0.16639280319213823
https://www.facebook.com/sharer/sharer.php?u=https://fampay.in/blog/what-are-the-perks-of-using-fampay/,0.5958089828491211,1.1772832870483398,200,200,Facebook,Facebook में लॉग इन करें | Facebook,,"अपने दोस्तों, परिवार और परिचित लोगों से शेयर करना और कनेक्ट करना शुरू करने के लिए Facebook में लॉग इन करें.",False,0.22857142857142856,0.0,0.5814743041992188
https://twitter.com/intent/tweet?text=What%20are%20the%20perks%20of%20using%20FamPay%3F%20%F0%9F%98%8D&url=https://fampay.in/blog/what-are-the-perks-of-using-fampay/,1.197385311126709,1.203028440475464,200,200,,,,,True,0.0,0.0,0.005643129348755105
https://www.facebook.com/sharer/sharer.php?u=https://fampay.in/blog/curious-about-famcard-heres-everything-to-know/,0.7389538288116455,0.9870009422302246,200,200,Facebook,Facebook में लॉग इन करें | Facebook,,"अपने दोस्तों, परिवार और परिचित लोगों से शेयर करना और कनेक्ट करना शुरू करने के लिए Facebook में लॉग इन करें.",False,0.22857142857142856,0.0,0.2480471134185791
https://twitter.com/intent/tweet?text=Curious%20about%20FamCard%3F%F0%9F%92%B3%20Here%E2%80%99s%20everything%20to%20know%3A%20FAQs%20by%20teens%20on%20FamCard&url=https://fampay.in/blog/curious-about-famcard-heres-everything-to-know/,1.206959247589111,1.1784796714782717,200,200,,,,,True,0.0,0.0,0.0284795761108394
https://fampay.in/blog/famcard-your-first-debit-card/,0.3173625469207763,0.3261492252349853,404,404,UnRead by FamPay,UnRead by FamPay,,,True,1.0,0.0,0.008786678314208984
https://www.facebook.com/sharer/sharer.php?u=https://fampay.in/blog/writing-content-for-a-content-saturated-generation/,0.3299727439880371,0.909081220626831,200,200,Facebook,Facebook में लॉग इन करें | Facebook,,"अपने दोस्तों, परिवार और परिचित लोगों से शेयर करना और कनेक्ट करना शुरू करने के लिए Facebook में लॉग इन करें.",False,0.22857142857142856,0.0,0.579108476638794
https://twitter.com/intent/tweet?text=Writing%20content%20for%20a%20content-saturated%20generation%20%E2%9C%8D&url=https://fampay.in/blog/writing-content-for-a-content-saturated-generation/,1.1778364181518557,1.0487868785858154,200,200,,,,,True,0.0,0.0,0.12904953956604026
https://www.facebook.com/sharer/sharer.php?u=https://fampay.in/blog/how-to-grow-your-instagram-followers-a-quick-guide-for-all-genz-brands/,0.6013474464416504,1.0738317966461182,200,200,Facebook,Facebook में लॉग इन करें | Facebook,,"अपने दोस्तों, परिवार और परिचित लोगों से शेयर करना और कनेक्ट करना शुरू करने के लिए Facebook में लॉग इन करें.",False,0.22857142857142856,0.0,0.4724843502044678
https://twitter.com/intent/tweet?text=How%20to%20grow%20your%20Instagram%20followers%3F%F0%9F%A4%B3%20-%20A%20quick%20guide%20for%20all%20GenZ%20brands!&url=https://fampay.in/blog/how-to-grow-your-instagram-followers-a-quick-guide-for-all-genz-brands/,1.05055832862854,1.246347427368164,200,200,,,,,True,0.0,0.0,0.19578909873962402
https://www.instagram.com/explore/tags/getfampaid/,0.9320173263549804,1.7583880424499512,200,200,Instagram,#getfampaid hashtag on Instagram • Photos and videos,,747 Posts - See Instagram photos and videos from 'getfampaid' hashtag,True,0.17307692307692307,0.0,0.8263707160949708
https://www.facebook.com/sharer/sharer.php?u=https://fampay.in/blog/why-do-online-payments-get-stuck-and-what-can-you-do/,0.6512131690979004,0.9617953300476074,200,200,Facebook,Facebook में लॉग इन करें | Facebook,,"अपने दोस्तों, परिवार और परिचित लोगों से शेयर करना और कनेक्ट करना शुरू करने के लिए Facebook में लॉग इन करें.",False,0.22857142857142856,0.0,0.31058216094970703
https://twitter.com/intent/tweet?text=Why%20do%20online%20payments%20get%20stuck%20and%20what%20can%20you%20do%3F%20%F0%9F%A4%94&url=https://fampay.in/blog/why-do-online-payments-get-stuck-and-what-can-you-do/,1.1091456413269043,1.1699700355529783,200,200,,,,,True,0.0,0.0,0.060824394226074
https://famapp.in/blog/tag/famsays/page/3/,0.4069256782531738,0.2766299247741699,200,200,FamSays - UnRead by FamPay (Page 3),FamSays - UnRead by FamPay (Page 3),,,True,1.0,0.0,0.13029575347900385
https://famapp.in/blog/tag/growth/page/2/,0.144313097000122,0.1525688171386718,200,200,Growth - UnRead by FamPay (Page 2),Growth - UnRead by FamPay (Page 2),,,True,1.0,0.0,0.008255720138549805
https://www.facebook.com/sharer/sharer.php?u=https://fampay.in/blog/decor-ideas-that-would-transform-your-room-at-home-or-hostel/,0.351362943649292,0.942176342010498,200,200,Facebook,Facebook में लॉग इन करें | Facebook,,"अपने दोस्तों, परिवार और परिचित लोगों से शेयर करना और कनेक्ट करना शुरू करने के लिए Facebook में लॉग इन करें.",False,0.22857142857142856,0.0,0.590813398361206
https://twitter.com/intent/tweet?text=D%C3%A9cor%20ideas%20that%20would%20transform%20your%20room%20at%20home%20or%20hostel%F0%9F%8E%A8&url=https://fampay.in/blog/decor-ideas-that-would-transform-your-room-at-home-or-hostel/,1.0410535335540771,1.043260097503662,200,200,,,,,True,0.0,0.0,0.002206563949584961
https://www.facebook.com/sharer/sharer.php?u=https://fampay.in/blog/the-most-beautiful-college-campuses-in-india/,0.3506405353546142,0.9869849681854248,200,200,Facebook,Facebook में लॉग इन करें | Facebook,,"अपने दोस्तों, परिवार और परिचित लोगों से शेयर करना और कनेक्ट करना शुरू करने के लिए Facebook में लॉग इन करें.",False,0.22857142857142856,0.0,0.6363444328308105
https://twitter.com/intent/tweet?text=The%20most%20beautiful%20college%20campuses%20in%20India%20%F0%9F%8E%93&url=https://fampay.in/blog/the-most-beautiful-college-campuses-in-india/,1.2045283317565918,1.1152513027191162,200,200,,,,,True,0.0,0.0,0.08927702903747559
https://www.facebook.com/sharer/sharer.php?u=https://fampay.in/blog/every-little-thing-counts-ways-in-which-you-can-contribute-to-society-as-a-teenager/,0.5864920616149902,0.9212334156036376,200,200,Facebook,Facebook में लॉग इन करें | Facebook,,"अपने दोस्तों, परिवार और परिचित लोगों से शेयर करना और कनेक्ट करना शुरू करने के लिए Facebook में लॉग इन करें.",False,0.22857142857142856,0.0,0.33474135398864735
https://twitter.com/intent/tweet?text=Every%20Little%20Thing%20Counts-%20Ways%20in%20Which%20You%20Can%20Contribute%20to%20Society%20as%20a%20Teenager%F0%9F%92%AA%F0%9F%8F%BD%F0%9F%A7%91%E2%80%8D%F0%9F%8E%93&url=https://fampay.in/blog/every-little-thing-counts-ways-in-which-you-can-contribute-to-society-as-a-teenager/,1.073836326599121,1.2300424575805664,200,200,,,,,True,0.0,0.0,0.1562061309814453
https://famapp.in/blog/tag/lifestyle/page/2/,0.2793939113616943,0.2270762920379638,200,200,Lifestyle - UnRead by FamPay (Page 2),Lifestyle - UnRead by FamPay (Page 2),,,True,1.0,0.0,0.05231761932373047
https://www.facebook.com/sharer/sharer.php?u=https://fampay.in/blog/baddie-on-a-budget-budgeting-tricks-for-teens/,0.3604626655578613,1.0179905891418457,200,200,Facebook,Facebook में लॉग इन करें | Facebook,,"अपने दोस्तों, परिवार और परिचित लोगों से शेयर करना और कनेक्ट करना शुरू करने के लिए Facebook में लॉग इन करें.",False,0.22857142857142856,0.0,0.6575279235839844
https://twitter.com/intent/tweet?text=Baddie%20on%20a%20Budget%3A%20Budgeting%20Tricks%20for%20Teens%20%F0%9F%98%8E%F0%9F%92%85%F0%9F%92%B0&url=https://fampay.in/blog/baddie-on-a-budget-budgeting-tricks-for-teens/,1.0299186706542969,1.1602506637573242,200,200,,,,,True,0.0,0.0,0.13033199310302734
https://www.facebook.com/sharer/sharer.php?u=https://fampay.in/blog/5-habits-of-highly-successful-teens/,0.8255560398101807,0.9765596389770508,200,200,Facebook,Facebook में लॉग इन करें | Facebook,,"अपने दोस्तों, परिवार और परिचित लोगों से शेयर करना और कनेक्ट करना शुरू करने के लिए Facebook में लॉग इन करें.",False,0.22857142857142856,0.0,0.15100359916687012
https://twitter.com/intent/tweet?text=5%20Habits%20of%20Highly%20Successful%20Teens%20%F0%9F%9A%80&url=https://fampay.in/blog/5-habits-of-highly-successful-teens/,1.1640241146087646,1.074603796005249,200,200,,,,,True,0.0,0.0,0.08942031860351562
https://www.facebook.com/sharer/sharer.php?u=https://fampay.in/blog/mental-health-matters-5-things-to-remember-while-in-quarantine/,0.33022141456604,0.9378015995025636,200,200,Facebook,Facebook में लॉग इन करें | Facebook,,"अपने दोस्तों, परिवार और परिचित लोगों से शेयर करना और कनेक्ट करना शुरू करने के लिए Facebook में लॉग इन करें.",False,0.22857142857142856,0.0,0.6075801849365237
https://twitter.com/intent/tweet?text=Mental%20Health%20Matters%3A%205%20Things%20to%20Remember%20While%20in%20Quarantine&url=https://fampay.in/blog/mental-health-matters-5-things-to-remember-while-in-quarantine/,1.0783627033233645,1.0683331489562988,200,200,,,,,True,0.0,0.0,0.010029554367065652
https://www.facebook.com/sharer/sharer.php?u=https://fampay.in/blog/top-5-platforms-for-students-to-learn-new-things/,0.3789100646972656,1.4171180725097656,200,200,Facebook,Facebook में लॉग इन करें | Facebook,,"अपने दोस्तों, परिवार और परिचित लोगों से शेयर करना और कनेक्ट करना शुरू करने के लिए Facebook में लॉग इन करें.",False,0.22857142857142856,0.0,1.0382080078125
https://twitter.com/intent/tweet?text=Top%205%20Platforms%20for%20Students%20to%20Learn%20New%20Things%20%F0%9F%93%9A%F0%9F%93%96%F0%9F%93%95&url=https://fampay.in/blog/top-5-platforms-for-students-to-learn-new-things/,1.1666128635406494,1.2158844470977783,200,200,,,,,True,0.0,0.0,0.049271583557128906
https://www.facebook.com/sharer/sharer.php?u=https://fampay.in/blog/from-teenage-to-teen-entrepreneurs-make-your-story-inspiring/,0.8209211826324463,0.9684796333312988,200,200,Facebook,Facebook में लॉग इन करें | Facebook,,"अपने दोस्तों, परिवार और परिचित लोगों से शेयर करना और कनेक्ट करना शुरू करने के लिए Facebook में लॉग इन करें.",False,0.22857142857142856,0.0,0.14755845069885254
https://twitter.com/intent/tweet?text=From%20Teenage%20to%20Teen%20Entrepreneurs%20-%20Make%20your%20Story%20Inspiring%20%F0%9F%96%A5%EF%B8%8F%F0%9F%91%A9%E2%80%8D%F0%9F%92%BC%F0%9F%91%A8%E2%80%8D%F0%9F%92%BC&url=https://fampay.in/blog/from-teenage-to-teen-entrepreneurs-make-your-story-inspiring/,1.0791521072387695,1.0826668739318848,200,200,,,,,True,0.0,0.0,0.0035147666931152344
https://www.facebook.com/sharer/sharer.php?u=https://fampay.in/blog/top-4-head-turning-fashion-tips-and-trends-for-the-sassy-gen-z/,0.5056502819061279,0.9989900588989258,200,200,Facebook,Facebook में लॉग इन करें | Facebook,,"अपने दोस्तों, परिवार और परिचित लोगों से शेयर करना और कनेक्ट करना शुरू करने के लिए Facebook में लॉग इन करें.",False,0.22857142857142856,0.0,0.49333977699279785
https://twitter.com/intent/tweet?text=Top%204%20Head-Turning%20Fashion%20Tips%20and%20Trends%20For%20The%20Sassy%20Gen%20Z%20%F0%9F%A4%B3%F0%9F%A4%A9%F0%9F%91%B8%F0%9F%A4%B4&url=https://fampay.in/blog/top-4-head-turning-fashion-tips-and-trends-for-the-sassy-gen-z/,1.174377679824829,1.0695042610168457,200,200,,,,,True,0.0,0.0,0.1048734188079834
https://get.fampay.in/,0.9927928447723388,0.7210297584533691,200,200,FamApp: Make payments with your own UPI and Card,,FamX Spending Account for everyone · Get a customised card & UPI ID · Keep your bank statements clean · Track & keep expenses in check · Open for ages 11+,,True,0.0,0.0,0.2717630863189696
https://www.facebook.com/sharer/sharer.php?u=https://fampay.in/blog/gen-z-gaming-how-to-make-real-money-by-playing-video-games/,0.3749327659606933,0.9714303016662598,200,200,Facebook,Facebook में लॉग इन करें | Facebook,,"अपने दोस्तों, परिवार और परिचित लोगों से शेयर करना और कनेक्ट करना शुरू करने के लिए Facebook में लॉग इन करें.",False,0.22857142857142856,0.0,0.5964975357055664
https://twitter.com/intent/tweet?text=Gen%20Z%20%26%20Gaming%3A%20How%20To%20Make%20Real%20Money%20By%20Playing%20Video%20Games%3F%20%F0%9F%8E%AE&url=https://fampay.in/blog/gen-z-gaming-how-to-make-real-money-by-playing-video-games/,1.1531248092651367,1.1647586822509766,200,200,,,,,True,0.0,0.0,0.011633872985839844
https://www.facebook.com/sharer/sharer.php?u=https://fampay.in/blog/teen-bucket-list-10-things-you-must-to-do-in-your-teens/,0.4785385131835937,0.959080457687378,200,200,Facebook,Facebook में लॉग इन करें | Facebook,,"अपने दोस्तों, परिवार और परिचित लोगों से शेयर करना और कनेक्ट करना शुरू करने के लिए Facebook में लॉग इन करें.",False,0.22857142857142856,0.0,0.48054194450378435
https://twitter.com/intent/tweet?text=Teen%20bucket%20list%F0%9F%98%83%20-%2010%20things%20you%20must%20to%20do%20in%20your%20teens!&url=https://fampay.in/blog/teen-bucket-list-10-things-you-must-to-do-in-your-teens/,1.0549232959747314,1.1492743492126465,200,200,,,,,True,0.0,0.0,0.09435105323791504
https://www.facebook.com/sharer/sharer.php?u=https://fampay.in/blog/looking-for-financial-independence-as-a-youngster-5-ways-to-earn-while-youre-young/,0.3595979213714599,0.9636476039886476,200,200,Facebook,Facebook में लॉग इन करें | Facebook,,"अपने दोस्तों, परिवार और परिचित लोगों से शेयर करना और कनेक्ट करना शुरू करने के लिए Facebook में लॉग इन करें.",False,0.22857142857142856,0.0,0.6040496826171877
https://twitter.com/intent/tweet?text=Looking%20for%20Financial%20Independence%20as%20a%20Youngster%3F%205%20Ways%20to%20Earn%20While%20you%E2%80%99re%20Young%F0%9F%A4%91&url=https://fampay.in/blog/looking-for-financial-independence-as-a-youngster-5-ways-to-earn-while-youre-young/,1.1899676322937012,1.1702229976654053,200,200,,,,,True,0.0,0.0,0.0197446346282959
https://www.facebook.com/sharer/sharer.php?u=https://fampay.in/blog/want-to-become-a-teenage-influencer-start-here/,0.5834329128265381,0.9308385848999025,200,200,Facebook,Facebook में लॉग इन करें | Facebook,,"अपने दोस्तों, परिवार और परिचित लोगों से शेयर करना और कनेक्ट करना शुरू करने के लिए Facebook में लॉग इन करें.",False,0.22857142857142856,0.0,0.34740567207336437
https://twitter.com/intent/tweet?text=Quick%20Guide%20to%20be%20a%20Teenfluencer%20%F0%9F%91%B8%F0%9F%A4%B4&url=https://fampay.in/blog/want-to-become-a-teenage-influencer-start-here/,1.07771635055542,1.09662127494812,200,200,,,,,True,0.0,0.0,0.018904924392699973
https://famapp.in/blog/tag/lifestyle/page/3/,0.2390506267547607,0.210493803024292,200,200,Lifestyle - UnRead by FamPay (Page 3),Lifestyle - UnRead by FamPay (Page 3),,,True,1.0,0.0,0.028556823730468694
https://www.facebook.com/sharer/sharer.php?u=https://fampay.in/blog/teen-focused-fintech-startup-fampay-raises-38m-in-series-a/,0.3498344421386719,0.9495079517364502,200,200,Facebook,Facebook में लॉग इन करें | Facebook,,"अपने दोस्तों, परिवार और परिचित लोगों से शेयर करना और कनेक्ट करना शुरू करने के लिए Facebook में लॉग इन करें.",False,0.22857142857142856,0.0,0.5996735095977783
https://twitter.com/intent/tweet?text=Teen%20focused%20fintech%20startup%20FamPay%20raises%20%2438M%20in%20Series%20A&url=https://fampay.in/blog/teen-focused-fintech-startup-fampay-raises-38m-in-series-a/,1.2199382781982422,1.0223417282104492,200,200,,,,,True,0.0,0.0,0.19759654998779297
https://www.facebook.com/sharer/sharer.php?u=https://fampay.in/blog/fampay-is-set-to-launch-indias-first-and-biggest-digi-fest-for-teens/,0.3803448677062988,0.9001858234405518,200,200,Facebook,Facebook में लॉग इन करें | Facebook,,"अपने दोस्तों, परिवार और परिचित लोगों से शेयर करना और कनेक्ट करना शुरू करने के लिए Facebook में लॉग इन करें.",False,0.22857142857142856,0.0,0.5198409557342529
https://twitter.com/intent/tweet?text=FamPay%20is%20set%20to%20launch%20India%E2%80%99s%20first%20and%20biggest%20Digi-Fest%20for%20Teens&url=https://fampay.in/blog/fampay-is-set-to-launch-indias-first-and-biggest-digi-fest-for-teens/,1.164034128189087,1.1408119201660156,200,200,,,,,True,0.0,0.0,0.02322220802307129
https://www.facebook.com/sharer/sharer.php?u=https://fampay.in/blog/zetas-fusion-to-power-fampays-cashless-payments-for-gen-z/,0.6305902004241943,0.9989891052246094,200,200,Facebook,Facebook में लॉग इन करें | Facebook,,"अपने दोस्तों, परिवार और परिचित लोगों से शेयर करना और कनेक्ट करना शुरू करने के लिए Facebook में लॉग इन करें.",False,0.22857142857142856,0.0,0.36839890480041504
https://twitter.com/intent/tweet?text=Zeta%E2%80%99s%20Fusion%20To%20Power%20FamPay%E2%80%99s%20Cashless%20Payments%20For%20Gen%20Z&url=https://fampay.in/blog/zetas-fusion-to-power-fampays-cashless-payments-for-gen-z/,1.0668995380401611,1.0520951747894287,200,200,,,,,True,0.0,0.0,0.014804363250732422
https://www.facebook.com/sharer/sharer.php?u=https://fampay.in/blog/digital-payments-exploding-in-india-yet-the-tech-savvy-teens-still-stuck-paying-with-cash-survey-by-fampay-indias-first-neobank-for-teenagers/,0.3490393161773681,0.8987917900085449,200,200,Facebook,Facebook में लॉग इन करें | Facebook,,"अपने दोस्तों, परिवार और परिचित लोगों से शेयर करना और कनेक्ट करना शुरू करने के लिए Facebook में लॉग इन करें.",False,0.22857142857142856,0.0,0.5497524738311768
https://twitter.com/intent/tweet?text=Digital%20Payments%20Exploding%20in%20India%2C%20Yet%20the%20Tech-Savvy%20Teens%20Still%20Stuck%20Paying%20with%20Cash&url=https://fampay.in/blog/digital-payments-exploding-in-india-yet-the-tech-savvy-teens-still-stuck-paying-with-cash-survey-by-fampay-indias-first-neobank-for-teenagers/,1.282077074050903,1.0268778800964355,200,200,,,,,True,0.0,0.0,0.25519919395446755
https://www.facebook.com/sharer/sharer.php?u=https://fampay.in/blog/this-fintech-startup-by-iit-roorkee-alum-is-giving-teenagers-financial-freedom-responsibly-yourstory/,0.5793383121490479,0.962139129638672,200,200,Facebook,Facebook में लॉग इन करें | Facebook,,"अपने दोस्तों, परिवार और परिचित लोगों से शेयर करना और कनेक्ट करना शुरू करने के लिए Facebook में लॉग इन करें.",False,0.22857142857142856,0.0,0.38280081748962413
https://twitter.com/intent/tweet?text=This%20fintech%20startup%20by%20IIT%20Roorkee%20alum%20is%20giving%20teenagers%20financial%20freedom%20responsibly%3A%20YourStory&url=https://fampay.in/blog/this-fintech-startup-by-iit-roorkee-alum-is-giving-teenagers-financial-freedom-responsibly-yourstory/,1.0019495487213137,1.1901392936706543,200,200,,,,,True,0.0,0.0,0.1881897449493406
https://www.facebook.com/sharer/sharer.php?u=https://fampay.in/blog/fampay-announces-launch-of-indias-first-numberless-card/,0.549267053604126,0.9530048370361328,200,200,Facebook,Facebook में लॉग इन करें | Facebook,,"अपने दोस्तों, परिवार और परिचित लोगों से शेयर करना और कनेक्ट करना शुरू करने के लिए Facebook में लॉग इन करें.",False,0.22857142857142856,0.0,0.40373778343200684
https://twitter.com/intent/tweet?text=FamPay%20Announces%20Launch%20of%20India%E2%80%99s%20First%20Numberless%20Card&url=https://fampay.in/blog/fampay-announces-launch-of-indias-first-numberless-card/,1.1127846240997314,1.031883955001831,200,200,,,,,True,0.0,0.0,0.08090066909790039
https://www.facebook.com/sharer/sharer.php?u=https://fampay.in/blog/fampay-raises-4-7m-from-y-combinator-sequoia-venture-highway-others/,0.5729594230651855,1.2013328075408936,200,200,Facebook,Facebook में लॉग इन करें | Facebook,,"अपने दोस्तों, परिवार और परिचित लोगों से शेयर करना और कनेक्ट करना शुरू करने के लिए Facebook में लॉग इन करें.",False,0.22857142857142856,0.0,0.628373384475708
https://twitter.com/intent/tweet?text=FamPay%20raises%20%244.7M%20from%20Y%20Combinator%2C%20Sequoia%2C%20Venture%20Highway%20%26%20others&url=https://fampay.in/blog/fampay-raises-4-7m-from-y-combinator-sequoia-venture-highway-others/,1.137451171875,1.2496914863586426,200,200,,,,,True,0.0,0.0,0.11224031448364258
https://www.facebook.com/sharer/sharer.php?u=https://fampay.in/blog/healthy-wealth-how-can-parents-have-a-healthy-discussion-about-money-with-their-children/,0.3312840461730957,1.217193603515625,200,200,Facebook,Facebook में लॉग इन करें | Facebook,,"अपने दोस्तों, परिवार और परिचित लोगों से शेयर करना और कनेक्ट करना शुरू करने के लिए Facebook में लॉग इन करें.",False,0.22857142857142856,0.0,0.8859095573425293
https://twitter.com/intent/tweet?text=Healthy%20Wealth-%20How%20can%20parents%20have%20a%20healthy%20discussion%20about%20money%20with%20their%20children%3F&url=https://fampay.in/blog/healthy-wealth-how-can-parents-have-a-healthy-discussion-about-money-with-their-children/,1.0666310787200928,1.1910011768341064,200,200,,,,,True,0.0,0.0,0.12437009811401367
https://www.facebook.com/sharer/sharer.php?u=https://fampay.in/blog/being-a-digital-parent-tips-to-mentor-everything-digital-that-your-teen-uses/,0.6077849864959717,1.0263466835021973,200,200,Facebook,Facebook में लॉग इन करें | Facebook,,"अपने दोस्तों, परिवार और परिचित लोगों से शेयर करना और कनेक्ट करना शुरू करने के लिए Facebook में लॉग इन करें.",False,0.22857142857142856,0.0,0.4185616970062256
https://twitter.com/intent/tweet?text=Being%20a%20Digital%20Parent%20-%20Tips%20to%20Mentor%20Everything%20Digital%20that%20your%20Teen%20Uses&url=https://fampay.in/blog/being-a-digital-parent-tips-to-mentor-everything-digital-that-your-teen-uses/,1.0829780101776123,1.2085304260253906,200,200,,,,,True,0.0,0.0,0.12555241584777832
https://www.facebook.com/sharer/sharer.php?u=https://fampay.in/blog/top-5-tips-to-communicate-better-with-your-teenager/,1.113844394683838,1.090801239013672,200,200,Facebook,Facebook में लॉग इन करें | Facebook,,"अपने दोस्तों, परिवार और परिचित लोगों से शेयर करना और कनेक्ट करना शुरू करने के लिए Facebook में लॉग इन करें.",False,0.22857142857142856,0.0,0.023043155670165794
https://twitter.com/intent/tweet?text=Top%205%20Tips%20to%20Communicate%20Better%20with%20your%20Teenager&url=https://fampay.in/blog/top-5-tips-to-communicate-better-with-your-teenager/,1.1671807765960691,1.0240757465362549,200,200,,,,,True,0.0,0.0,0.14310503005981423
https://www.facebook.com/sharer/sharer.php?u=https://fampay.in/blog/a-to-z-of-teenage-finance-financial-terms-every-parent-should-teach-their-teens/,0.5641429424285889,0.9001855850219727,200,200,Facebook,Facebook में लॉग इन करें | Facebook,,"अपने दोस्तों, परिवार और परिचित लोगों से शेयर करना और कनेक्ट करना शुरू करने के लिए Facebook में लॉग इन करें.",False,0.22857142857142856,0.0,0.3360426425933838
https://twitter.com/intent/tweet?text=A%20to%20Z%20of%20teenage%20finance-%20financial%20terms%20every%20parent%20should%20teach%20their%20teens&url=https://fampay.in/blog/a-to-z-of-teenage-finance-financial-terms-every-parent-should-teach-their-teens/,1.0902280807495115,1.216789484024048,200,200,,,,,True,0.0,0.0,0.12656140327453658
https://www.facebook.com/sharer/sharer.php?u=https://fampay.in/blog/cyber-bullying-what-can-you-do-as-a-parent/,0.586780309677124,0.9550580978393556,200,200,Facebook,Facebook में लॉग इन करें | Facebook,,"अपने दोस्तों, परिवार और परिचित लोगों से शेयर करना और कनेक्ट करना शुरू करने के लिए Facebook में लॉग इन करें.",False,0.22857142857142856,0.0,0.36827778816223156
https://twitter.com/intent/tweet?text=Cyberbullying%3A%20What%20can%20you%20do%20as%20a%20Parent%3F&url=https://fampay.in/blog/cyber-bullying-what-can-you-do-as-a-parent/,1.200953483581543,1.0931293964385986,200,200,,,,,True,0.0,0.0,0.10782408714294434
https://www.facebook.com/sharer/sharer.php?u=https://fampay.in/blog/4-ways-to-help-your-teen-learn-to-become-financially-responsible/,0.4102888107299804,1.4107766151428225,200,200,Facebook,Facebook में लॉग इन करें | Facebook,,"अपने दोस्तों, परिवार और परिचित लोगों से शेयर करना और कनेक्ट करना शुरू करने के लिए Facebook में लॉग इन करें.",False,0.22857142857142856,0.0,1.000487804412842
https://twitter.com/intent/tweet?text=4%20Ways%20to%20Help%20Your%20Teen%20Learn%20to%20become%20Financially%20Responsible&url=https://fampay.in/blog/4-ways-to-help-your-teen-learn-to-become-financially-responsible/,1.1826982498168943,1.2280592918395996,200,200,,,,,True,0.0,0.0,0.0453610420227053
https://www.facebook.com/sharer/sharer.php?u=https://fampay.in/blog/evolution-of-parenting-parent-of-a-millennial-vs-parent-of-a-genz-kid/,0.5098426342010498,1.206526756286621,200,200,Facebook,Facebook में लॉग इन करें | Facebook,,"अपने दोस्तों, परिवार और परिचित लोगों से शेयर करना और कनेक्ट करना शुरू करने के लिए Facebook में लॉग इन करें.",False,0.22857142857142856,0.0,0.6966841220855713
https://twitter.com/intent/tweet?text=Evolution%20of%20Parenting%20-%20Parent%20of%20a%20Millennial%20vs%20Parent%20of%20a%20GenZ%20kid&url=https://fampay.in/blog/evolution-of-parenting-parent-of-a-millennial-vs-parent-of-a-genz-kid/,1.0297012329101562,1.0561871528625488,200,200,,,,,True,0.0,0.0,0.026485919952392578
https://www.facebook.com/sharer/sharer.php?u=https://fampay.in/blog/pocket-money-for-teenagers-why-it-matters/,0.5151779651641846,1.0214853286743164,200,200,Facebook,Facebook में लॉग इन करें | Facebook,,"अपने दोस्तों, परिवार और परिचित लोगों से शेयर करना और कनेक्ट करना शुरू करने के लिए Facebook में लॉग इन करें.",False,0.22857142857142856,0.0,0.5063073635101318
https://twitter.com/intent/tweet?text=Pocket%20Money%20for%20Teenagers%3A%20Why%20it%20Matters&url=https://fampay.in/blog/pocket-money-for-teenagers-why-it-matters/,1.2085473537445068,1.0202453136444092,200,200,,,,,True,0.0,0.0,0.18830204010009766
https://www.facebook.com/sharer/sharer.php?u=https://fampay.in/blog/things-you-must-know-as-a-teens-parent/,0.4113485813140869,0.99287748336792,200,200,Facebook,Facebook में लॉग इन करें | Facebook,,"अपने दोस्तों, परिवार और परिचित लोगों से शेयर करना और कनेक्ट करना शुरू करने के लिए Facebook में लॉग इन करें.",False,0.22857142857142856,0.0,0.5815289020538331
https://twitter.com/intent/tweet?text=Things%20You%20Must%20Know%20as%20a%20Parent%20of%20a%20GenZ%20Teen&url=https://fampay.in/blog/things-you-must-know-as-a-teens-parent/,0.998037338256836,1.0976126194000244,200,200,,,,,True,0.0,0.0,0.09957528114318837
https://www.facebook.com/sharer/sharer.php?u=https://fampay.in/blog/impact-of-social-distancing-on-teen-mental-health/,0.8144400119781494,0.9800982475280762,200,200,Facebook,Facebook में लॉग इन करें | Facebook,,"अपने दोस्तों, परिवार और परिचित लोगों से शेयर करना और कनेक्ट करना शुरू करने के लिए Facebook में लॉग इन करें.",False,0.22857142857142856,0.0,0.16565823554992676
https://twitter.com/intent/tweet?text=Impact%20of%20Social%20Distancing%20on%20Teen%20Mental%20Health&url=https://fampay.in/blog/impact-of-social-distancing-on-teen-mental-health/,1.188720941543579,1.0690395832061768,200,200,,,,,True,0.0,0.0,0.11968135833740234
https://famapp.in/blog/tag/parents/page/2/,0.1711101531982422,0.1784303188323974,200,200,FamPay | Parents,FamPay | Parents,,,True,1.0,0.0,0.007320165634155218
https://www.facebook.com/sharer/sharer.php?u=https://fampay.in/blog/bridging-generation-gap-understanding-your-genz-teenager-better/,0.4901199340820312,0.9211246967315674,200,200,Facebook,Facebook में लॉग इन करें | Facebook,,"अपने दोस्तों, परिवार और परिचित लोगों से शेयर करना और कनेक्ट करना शुरू करने के लिए Facebook में लॉग इन करें.",False,0.22857142857142856,0.0,0.4310047626495362
https://twitter.com/intent/tweet?text=Bridging%20Generation%20Gap%3A%20Understanding%20Your%20GenZ%20Teenager%20Better&url=https://fampay.in/blog/bridging-generation-gap-understanding-your-genz-teenager-better/,1.0642387866973877,1.0124127864837646,200,200,,,,,True,0.0,0.0,0.05182600021362305
https://www.facebook.com/sharer/sharer.php?u=https://fampay.in/blog/fampay-amongst-linkedins-top-startups-list-2021/,0.3793416023254394,0.878157377243042,200,200,Facebook,Facebook में लॉग इन करें | Facebook,,"अपने दोस्तों, परिवार और परिचित लोगों से शेयर करना और कनेक्ट करना शुरू करने के लिए Facebook में लॉग इन करें.",False,0.22857142857142856,0.0,0.4988157749176026
https://twitter.com/intent/tweet?text=FamPay%20amongst%20LinkedIn%E2%80%99s%20Top%20Startups%20List%202021&url=https://fampay.in/blog/fampay-amongst-linkedins-top-startups-list-2021/,1.1886444091796875,1.1951172351837158,200,200,,,,,True,0.0,0.0,0.00647282600402832
https://www.facebook.com/sharer/sharer.php?u=https://fampay.in/blog/fampay-partners-with-visa-to-launch-indias-first-doodle-card-for-genz/,0.5548410415649414,1.1019785404205322,200,200,Facebook,Facebook में लॉग इन करें | Facebook,,"अपने दोस्तों, परिवार और परिचित लोगों से शेयर करना और कनेक्ट करना शुरू करने के लिए Facebook में लॉग इन करें.",False,0.22857142857142856,0.0,0.5471374988555908
https://twitter.com/intent/tweet?text=FamPay%20partners%20with%20Visa%20to%20launch%20India%E2%80%99s%20first%20Doodle%20Card%20for%20GenZ&url=https://fampay.in/blog/fampay-partners-with-visa-to-launch-indias-first-doodle-card-for-genz/,1.1714534759521484,1.053964614868164,200,200,,,,,True,0.0,0.0,0.11748886108398438
https://www.facebook.com/sharer/sharer.php?u=https://fampay.in/blog/perks-of-using-the-famcard-me/,0.3187179565429687,0.9040355682373048,200,200,Facebook,Facebook में लॉग इन करें | Facebook,,"अपने दोस्तों, परिवार और परिचित लोगों से शेयर करना और कनेक्ट करना शुरू करने के लिए Facebook में लॉग इन करें.",False,0.22857142857142856,0.0,0.5853176116943362
https://twitter.com/intent/tweet?text=Perks%20of%20using%20the%20FamCard%20Me%20-%204X%20Rewards%2C%20Doodles%20and%20so%20much%20more!%20%F0%9F%92%96&url=https://fampay.in/blog/perks-of-using-the-famcard-me/,1.0255897045135498,1.179764986038208,200,200,,,,,True,0.0,0.0,0.1541752815246582
https://www.facebook.com/sharer/sharer.php?u=https://fampay.in/blog/guide-for-seeking-support-from-fampay-important-dos-and-donts/,0.5420651435852051,0.9392740726470948,200,200,Facebook,Facebook में लॉग इन करें | Facebook,,"अपने दोस्तों, परिवार और परिचित लोगों से शेयर करना और कनेक्ट करना शुरू करने के लिए Facebook में लॉग इन करें.",False,0.22857142857142856,0.0,0.39720892906188976
https://twitter.com/intent/tweet?text=Guide%20for%20seeking%20support%20from%20FamPay%3A%20Important%20Dos%20%E2%9C%85%20and%20Don'ts%20%E2%9B%94&url=https://fampay.in/blog/guide-for-seeking-support-from-fampay-important-dos-and-donts/,1.1998543739318848,1.1857821941375732,200,200,,,,,True,0.0,0.0,0.014072179794311523
https://www.facebook.com/sharer/sharer.php?u=https://fampay.in/blog/7-clever-saving-hacks-for-teenagers-this-will-save-you-a-fortune/,0.5689239501953125,0.936424732208252,200,200,Facebook,Facebook में लॉग इन करें | Facebook,,"अपने दोस्तों, परिवार और परिचित लोगों से शेयर करना और कनेक्ट करना शुरू करने के लिए Facebook में लॉग इन करें.",False,0.22857142857142856,0.0,0.36750078201293945
https://twitter.com/intent/tweet?text=9%20Clever%20Saving%20Hacks%20for%20Teenagers%20-%20This%20will%20save%20you%20a%20fortune!%20%F0%9F%92%B8&url=https://fampay.in/blog/7-clever-saving-hacks-for-teenagers-this-will-save-you-a-fortune/,1.1843030452728271,1.0876119136810305,200,200,,,,,True,0.0,0.0,0.09669113159179665
https://www.facebook.com/sharer/sharer.php?u=https://fampay.in/blog/what-makes-fampay-secure/,0.5599758625030518,1.1383347511291504,200,200,Facebook,Facebook में लॉग इन करें | Facebook,,"अपने दोस्तों, परिवार और परिचित लोगों से शेयर करना और कनेक्ट करना शुरू करने के लिए Facebook में लॉग इन करें.",False,0.22857142857142856,0.0,0.5783588886260986
https://twitter.com/intent/tweet?text=What%20makes%20FamPay%20secure%3F%20%F0%9F%94%90&url=https://fampay.in/blog/what-makes-fampay-secure/,1.0571050643920898,1.1330077648162842,200,200,,,,,True,0.0,0.0,0.07590270042419434
https://www.facebook.com/sharer/sharer.php?u=https://fampay.in/blog/fampays-guide-to-digital-payments-for-teens-important-dos-and-donts/,0.5327596664428711,0.8858742713928223,200,200,Facebook,Facebook में लॉग इन करें | Facebook,,"अपने दोस्तों, परिवार और परिचित लोगों से शेयर करना और कनेक्ट करना शुरू करने के लिए Facebook में लॉग इन करें.",False,0.22857142857142856,0.0,0.35311460494995117
https://twitter.com/intent/tweet?text=FamPay%E2%80%99s%20guide%20to%20digital%20payments%20for%20teens%3A%20Important%20Dos%20%E2%9C%85%20and%20Don'ts%20%E2%9B%94&url=https://fampay.in/blog/fampays-guide-to-digital-payments-for-teens-important-dos-and-donts/,1.2130582332611084,1.0800647735595703,200,200,,,,,True,0.0,0.0,0.13299345970153809
https://www.facebook.com/sharer/sharer.php?u=https://fampay.in/blog/how-to-order-a-famcard-in-less-than-5-minutes/,0.3677897453308105,0.937732458114624,200,200,Facebook,Facebook में लॉग इन करें | Facebook,,"अपने दोस्तों, परिवार और परिचित लोगों से शेयर करना और कनेक्ट करना शुरू करने के लिए Facebook में लॉग इन करें.",False,0.22857142857142856,0.0,0.5699427127838135
https://twitter.com/intent/tweet?text=How%20to%20order%20a%20FamCard%20in%20less%20than%205%20minutes%3F%20%F0%9F%92%B3&url=https://fampay.in/blog/how-to-order-a-famcard-in-less-than-5-minutes/,1.2982933521270752,1.1827001571655271,200,200,,,,,True,0.0,0.0,0.11559319496154807
https://www.facebook.com/sharer/sharer.php?u=https://fampay.in/blog/one-stop-solution-for-all-your-kyc-concerns/,0.5907752513885498,1.0028433799743652,200,200,Facebook,Facebook में लॉग इन करें | Facebook,,"अपने दोस्तों, परिवार और परिचित लोगों से शेयर करना और कनेक्ट करना शुरू करने के लिए Facebook में लॉग इन करें.",False,0.22857142857142856,0.0,0.41206812858581543
https://twitter.com/intent/tweet?text=One-stop%20solution%20for%20all%20your%20KYC%20concerns&url=https://fampay.in/blog/one-stop-solution-for-all-your-kyc-concerns/,1.0105619430541992,1.1884922981262207,200,200,,,,,True,0.0,0.0,0.17793035507202148
https://famapp.in/blog/tag/product/page/2/,0.222811222076416,0.1823573112487793,200,200,Product - UnRead by FamPay (Page 2),Product - UnRead by FamPay (Page 2),,,True,1.0,0.0,0.04045391082763669
https://www.facebook.com/sharer/sharer.php?u=https://fampay.in/blog/everything-you-need-to-know-about-our-numberless-card/,0.3396718502044678,0.9916939735412598,200,200,Facebook,Facebook में लॉग इन करें | Facebook,,"अपने दोस्तों, परिवार और परिचित लोगों से शेयर करना और कनेक्ट करना शुरू करने के लिए Facebook में लॉग इन करें.",False,0.22857142857142856,0.0,0.652022123336792
https://twitter.com/intent/tweet?text=Everything%20you%20need%20to%20know%20about%20our%20Numberless%20Card!%20%F0%9F%92%B3&url=https://fampay.in/blog/everything-you-need-to-know-about-our-numberless-card/,1.163835525512695,1.0540978908538818,200,200,,,,,True,0.0,0.0,0.10973763465881325
https://www.facebook.com/sharer/sharer.php?u=https://fampay.in/blog/famcard-your-first-prepaid-card/,0.5540504455566406,0.8960845470428467,200,200,Facebook,Facebook में लॉग इन करें | Facebook,,"अपने दोस्तों, परिवार और परिचित लोगों से शेयर करना और कनेक्ट करना शुरू करने के लिए Facebook में लॉग इन करें.",False,0.22857142857142856,0.0,0.34203410148620605
https://twitter.com/intent/tweet?text=FamCard%20-%20your%20first%20prepaid%20card!%20%F0%9F%92%B3%F0%9F%A4%A9%F0%9F%A5%B3&url=https://fampay.in/blog/famcard-your-first-prepaid-card/,1.0501148700714111,1.2529237270355225,200,200,,,,,True,0.0,0.0,0.20280885696411133
https://www.facebook.com/sharer/sharer.php?u=https://fampay.in/blog/savings-for-teens-its-never-too-early-to-start/,0.3326737880706787,1.0116641521453855,200,200,Facebook,Facebook में लॉग इन करें | Facebook,,"अपने दोस्तों, परिवार और परिचित लोगों से शेयर करना और कनेक्ट करना शुरू करने के लिए Facebook में लॉग इन करें.",False,0.22857142857142856,0.0,0.6789903640747068
https://twitter.com/intent/tweet?text=Savings%20for%20teens%20%F0%9F%92%B0%F0%9F%98%8E-%20Its%20never%20too%20early%20to%20start!&url=https://fampay.in/blog/savings-for-teens-its-never-too-early-to-start/,1.0859923362731934,1.191852331161499,200,200,,,,,True,0.0,0.0,0.10585999488830566
https://www.facebook.com/sharer/sharer.php?u=https://fampay.in/blog/fampay-the-solution-to-your-cash-problems/,0.5654654502868652,0.9176969528198242,200,200,Facebook,Facebook में लॉग इन करें | Facebook,,"अपने दोस्तों, परिवार और परिचित लोगों से शेयर करना और कनेक्ट करना शुरू करने के लिए Facebook में लॉग इन करें.",False,0.22857142857142856,0.0,0.352231502532959
https://twitter.com/intent/tweet?text=FamPay-%20the%20solution%20to%20your%20cash%20problems!%20%F0%9F%98%8E&url=https://fampay.in/blog/fampay-the-solution-to-your-cash-problems/,1.236457586288452,1.190662860870361,200,200,,,,,True,0.0,0.0,0.04579472541809082
https://www.facebook.com/sharer/sharer.php?u=https://fampay.in/blog/how-a-pressing-problem-can-lead-to-technological-innovation/,0.5920696258544922,0.9701623916625975,200,200,Facebook,Facebook में लॉग इन करें | Facebook,,"अपने दोस्तों, परिवार और परिचित लोगों से शेयर करना और कनेक्ट करना शुरू करने के लिए Facebook में लॉग इन करें.",False,0.22857142857142856,0.0,0.37809276580810536
https://twitter.com/intent/tweet?text=How%20a%20Pressing%20Problem%20can%20lead%20to%20Technological%20Innovation&url=https://fampay.in/blog/how-a-pressing-problem-can-lead-to-technological-innovation/,1.0998997688293457,1.193511962890625,200,200,,,,,True,0.0,0.0,0.0936121940612793
https://www.facebook.com/sharer/sharer.php?u=https://fampay.in/blog/how-i-blurred-age-barriers-with-technology/,0.3591628074645996,0.9255352020263672,200,200,Facebook,Facebook में लॉग इन करें | Facebook,,"अपने दोस्तों, परिवार और परिचित लोगों से शेयर करना और कनेक्ट करना शुरू करने के लिए Facebook में लॉग इन करें.",False,0.22857142857142856,0.0,0.5663723945617676
https://twitter.com/intent/tweet?text=How%20I%20Blurred%20Age%20Barriers%20with%20Technology&url=https://fampay.in/blog/how-i-blurred-age-barriers-with-technology/,1.1878466606140137,1.1626391410827637,200,200,,,,,True,0.0,0.0,0.02520751953125
https://famapp.in/blog/how-to-clean-up-your-android-apps-dependencies-the-ultimate-guide-2/,0.3163292407989502,0.4109055995941162,200,200,How to Clean Up Your Android App's Dependencies: The Ultimate Guide,How to Clean Up Your Android App's Dependencies: The Ultimate Guide,,,True,1.0,0.0,0.09457635879516602
https://famapp.in/blog/discover-fampays-engagement-service-missions-3/,0.2295334339141845,0.2161731719970703,200,200,Discover FamPay's Engagement Service: Missions,Discover FamPay's Engagement Service: Missions,,,True,1.0,0.0,0.013360261917114175
https://famapp.in/blog/page/2/,0.2508361339569092,0.207190990447998,200,200,UnRead by FamPay (Page 2),UnRead by FamPay (Page 2),,,True,1.0,0.0,0.04364514350891119
https://famapp.in/blog/page/3/,0.2036283016204834,0.2031216621398925,200,200,UnRead by FamPay (Page 3),UnRead by FamPay (Page 3),,,True,1.0,0.0,0.0005066394805909036
https://famapp.in/blog/page/4/,0.1957261562347412,0.2029626369476318,200,200,UnRead by FamPay (Page 4),UnRead by FamPay (Page 4),,,True,1.0,0.0,0.007236480712890597
https://famapp.in/blog/page/5/,0.1928024291992187,0.1774840354919433,200,200,UnRead by FamPay (Page 5),UnRead by FamPay (Page 5),,,True,1.0,0.0,0.01531839370727539
https://www.instagram.com/fam.india/,0.6950011253356934,0.789330244064331,200,200,Instagram,FamApp (@fam.india) • Instagram photos and videos,,"498K Followers, 0 Following, 708 Posts - See Instagram photos and videos from FamApp (@fam.india)",True,0.1836734693877551,0.0,0.0943291187286377
https://www.linkedin.com/company/famindia/,0.4984171390533447,0.9516167640686036,429,999,,,,,False,0.0,0.0,0.4531996250152589
